epoch,train_objective,val_objective,train_mse_norm,train_source_reid_reconstruction,train_source_lj_noisy_reconstruction,train_source_depablo_low_temp_reconstruction,train_macro_source_reconstruction,train_max_source_reconstruction,val_mse_norm,val_source_reid_reconstruction,val_source_depablo_low_temp_reconstruction,val_source_lj_noisy_reconstruction,val_macro_source_reconstruction,val_max_source_reconstruction,dataset,latent_dim,target_mode,hidden_size
1,0.3980887460410595,0.22768286276670793,0.41602625014384587,0.32266235721608005,0.5028655592401823,0.3687383217091362,0.39808874605513284,0.5028655592401823,0.22670732115892073,0.21446878516674042,0.11480383016355336,0.35377597296983004,0.22768286276670793,0.35377597296983004,shared Reid + low-T + noisy-LJ,8,normalized_delta,96
2,0.19310695718725523,0.2185204507395004,0.21473603015144666,0.14805639857426287,0.35177355871597926,0.0794909131800135,0.19310695682341858,0.35177355871597926,0.2174650197379912,0.20242182813584805,0.10130509265046567,0.35183443143218757,0.21852045073950044,0.35183443143218757,shared Reid + low-T + noisy-LJ,8,normalized_delta,96
3,0.18527840369939805,0.2133703849054873,0.20686736664175986,0.14098292375480134,0.34104688082138696,0.07380540676663319,0.18527840378094051,0.34104688082138696,0.2124947623439754,0.20225983729586006,0.09443668090552092,0.3434146365150809,0.21337038490548732,0.3434146365150809,shared Reid + low-T + noisy-LJ,8,normalized_delta,96
4,0.18022662474711737,0.20931750292144716,0.201909386664629,0.13502289507662257,0.33362150920430816,0.07203546891734004,0.1802266243994236,0.33362150920430816,0.20840275726420804,0.19540206452552228,0.09213736983481795,0.34041307440400126,0.20931750292144716,0.34041307440400126,shared Reid + low-T + noisy-LJ,8,normalized_delta,96
5,0.17310809653997422,0.20697535513201729,0.19590050783753396,0.12319993708034356,0.3254407479266326,0.07068360357234875,0.1731080961931083,0.3254407479266326,0.2058181255866463,0.1848944544615224,0.09714627822721376,0.3388853327073157,0.20697535513201726,0.3388853327073157,shared Reid + low-T + noisy-LJ,8,normalized_delta,96
6,0.16834287751714389,0.20247583145539585,0.19142099049687386,0.11758949109477301,0.31934849508603413,0.06809064719205102,0.16834287779095272,0.31934849508603413,0.20136834478812912,0.178837455118075,0.09184400990465656,0.33674602934345604,0.20247583145539585,0.33674602934345604,shared Reid + low-T + noisy-LJ,8,normalized_delta,96
7,0.165763860364755,0.19981040300071862,0.18852990518013638,0.11551945966171721,0.3154771403471629,0.0662949818962564,0.16576386063504553,0.3154771403471629,0.19877232732111588,0.17666168732428925,0.08902864689938723,0.33374087477847936,0.19981040300071862,0.33374087477847936,shared Reid + low-T + noisy-LJ,8,normalized_delta,96
8,0.16365715031822523,0.20046426973165946,0.1863630364437898,0.11394856816033522,0.31181682098905245,0.06520606217409174,0.1636571504411598,0.31181682098905245,0.19942609325858454,0.17725127500901,0.08958132279571146,0.3345602113902569,0.20046426973165943,0.3345602113902569,shared Reid + low-T + noisy-LJ,8,normalized_delta,96
9,0.16118526682257653,0.19936965274981533,0.18352161813775697,0.1121153120448192,0.3072585268119971,0.06418196164319913,0.16118526683333848,0.3072585268119971,0.1983471816983074,0.17658956403005868,0.08938442649552598,0.33213496772386136,0.19936965274981536,0.33213496772386136,shared Reid + low-T + noisy-LJ,8,normalized_delta,96
10,0.15859231114387512,0.20023183078318835,0.18059719399611154,0.11051927343631784,0.30197390082478526,0.06328375969206293,0.158592311317722,0.30197390082478526,0.19922247245395555,0.17808225221373142,0.0910504191275686,0.331562821008265,0.20023183078318837,0.331562821008265,shared Reid + low-T + noisy-LJ,8,normalized_delta,96
11,0.15597270801166693,0.20019063593711084,0.17752947751681009,0.1091783991927902,0.29642625399430594,0.06231347200398644,0.15597270839702754,0.29642625399430594,0.1991411552222756,0.17816450489731506,0.09063529266603292,0.33177211024798453,0.20019063593711084,0.33177211024798453,shared Reid + low-T + noisy-LJ,8,normalized_delta,96
12,0.15316940621534983,0.2014323169005414,0.17422509620587032,0.10754526722431183,0.29040390568971636,0.061559045663724346,0.15316940619258418,0.29040390568971636,0.2003468203518229,0.17882090413384139,0.09078461408428848,0.33469143248349426,0.20143231690054134,0.33469143248349426,shared Reid + low-T + noisy-LJ,8,normalized_delta,96
13,0.1502626025180022,0.20464555247345317,0.17080602270364761,0.10593844897237917,0.2838252478937308,0.06102411083380381,0.15026260256663793,0.2838252478937308,0.20355862031007807,0.18248698744922875,0.09263894479442387,0.3388107251767069,0.20464555247345317,0.3388107251767069,shared Reid + low-T + noisy-LJ,8,normalized_delta,96
14,0.14686188906431197,0.20551620291468378,0.16649047646423182,0.10401484666951001,0.27607595577836036,0.06049486354117592,0.14686188866301542,0.27607595577836036,0.2043487729195816,0.18174177029496058,0.09237913187034429,0.34242770657874644,0.20551620291468375,0.34242770657874644,shared Reid + low-T + noisy-LJ,8,normalized_delta,96
15,0.14352604952454567,0.21070794484298677,0.16249894424279532,0.10183994338506212,0.2686932977537314,0.06004490763880312,0.1435260495925322,0.2686932977537314,0.20931982994576295,0.1826081247725524,0.09437412094371393,0.355141588812694,0.2107079448429868,0.355141588812694,shared Reid + low-T + noisy-LJ,8,normalized_delta,96
16,0.14013414299488067,0.20909766414614084,0.15846258049209913,0.09949711626333495,0.26149721773465473,0.059408096285536886,0.1401341434278422,0.26149721773465473,0.20789200146496295,0.18435601764498277,0.09278711159876547,0.3501498631946742,0.20909766414614084,0.3501498631946742,shared Reid + low-T + noisy-LJ,8,normalized_delta,96
17,0.13683149800697963,0.21103279438226794,0.15488725158572197,0.09672944566234946,0.25510809607307117,0.05865695217313866,0.13683149796951977,0.25510809607307117,0.20975466688994007,0.18546568831568583,0.09255985582619905,0.3550728390049189,0.21103279438226794,0.3550728390049189,shared Reid + low-T + noisy-LJ,8,normalized_delta,96
18,0.13353684358795484,0.2126567271432529,0.15115432824691136,0.09380965076138575,0.2488062282204628,0.05799465187080204,0.1335368436175502,0.2488062282204628,0.2112798421381352,0.1846131253791973,0.0928971149744466,0.3604599410761148,0.2126567271432529,0.3604599410761148,shared Reid + low-T + noisy-LJ,8,normalized_delta,96
19,0.12997850269079209,0.21768481119023636,0.1472202198455731,0.09061531952644387,0.24195208645860355,0.05736810098029673,0.12997850232178138,0.24195208645860355,0.21627138600467394,0.19159842291707174,0.09632844916451723,0.3651275614891201,0.2176848111902364,0.3651275614891201,shared Reid + low-T + noisy-LJ,8,normalized_delta,96
20,0.1265933577766021,0.21876826448986927,0.1437167351494233,0.0873348109703511,0.2357518391807874,0.05669342394048969,0.12659335803054275,0.2357518391807874,0.2173383364045682,0.19575953468028456,0.09783290572557599,0.3627123530637473,0.21876826448986927,0.3627123530637473,shared Reid + low-T + noisy-LJ,8,normalized_delta,96
21,0.12297541541854541,0.2244926448017359,0.13987385245164236,0.08402556942558537,0.22908518895506857,0.05581548696570098,0.12297541511545164,0.22908518895506857,0.22294830178950603,0.19920068981219083,0.10068443434033543,0.3735928102526814,0.2244926448017359,0.3735928102526814,shared Reid + low-T + noisy-LJ,8,normalized_delta,96
22,0.11976037536064783,0.22419147996480265,0.13643389507134757,0.08129043076684078,0.2232124164303144,0.054778279551615315,0.11976037558292348,0.2232124164303144,0.2227875288963939,0.20265054907184094,0.09983343872148544,0.3700904521010816,0.22419147996480268,0.3700904521010816,shared Reid + low-T + noisy-LJ,8,normalized_delta,96
