split,source,sim_idx,frame,z0,z1,z2,z3,z4,z5
train,lj_noisy,0,0,-0.470508873462677,0.4015568792819977,0.25542327761650085,0.35691750049591064,-0.4442381262779236,-0.5124465227127075
train,lj_noisy,0,10,-0.23037701845169067,0.06225210428237915,0.01082019042223692,0.20460203289985657,-0.12677818536758423,-0.0773581862449646
train,lj_noisy,0,20,0.0214182548224926,-0.2937870919704437,-0.245649516582489,0.04493209719657898,0.20578208565711975,0.3789815902709961
train,lj_noisy,0,30,0.2877289056777954,-0.6704025864601135,-0.516517698764801,-0.12366355210542679,0.557355523109436,0.8618690967559814
train,lj_noisy,0,40,0.569729745388031,-1.0691238641738892,-0.802854061126709,-0.30188509821891785,0.9295862317085266,1.3734595775604248
train,lj_noisy,0,50,0.8705012798309326,-1.4943383932113647,-1.1077418327331543,-0.4916244447231293,1.3264678716659546,1.9192864894866943
train,lj_noisy,0,60,1.1960474252700806,-1.9545974731445312,-1.437311053276062,-0.696677565574646,1.755866527557373,2.5102760791778564
train,lj_noisy,0,70,1.5441887378692627,-2.4468436241149902,-1.7893853187561035,-0.9157235622406006,2.2150228023529053,3.1425695419311523
train,lj_noisy,0,80,1.9000961780548096,-2.95009708404541,-2.1491734981536865,-1.1396249532699585,2.684530258178711,3.789299488067627
train,lj_noisy,0,90,2.2754275798797607,-3.4811453819274902,-2.528346538543701,-1.3755011558532715,3.1795191764831543,4.4716949462890625
train,lj_noisy,0,100,2.6711699962615967,-4.041282653808594,-2.927931308746338,-1.6240488290786743,3.701352596282959,5.191542625427246
train,lj_noisy,1,0,-0.41451749205589294,0.3238067328929901,0.2024209350347519,0.32628846168518066,-0.39003944396972656,-0.4255945682525635
train,lj_noisy,1,10,-0.14071962237358093,-0.061836838722229004,-0.07557041198015213,0.15332980453968048,-0.02806779183447361,0.0708807110786438
train,lj_noisy,1,20,0.1331230103969574,-0.44696635007858276,-0.35259974002838135,-0.01933867856860161,0.33473724126815796,0.5685675144195557
train,lj_noisy,1,30,0.42332524061203003,-0.8546739220619202,-0.6453853249549866,-0.20203009247779846,0.7193821668624878,1.0966013669967651
train,lj_noisy,1,40,0.7343676090240479,-1.2911810874938965,-0.9582566022872925,-0.39750826358795166,1.13184654712677,1.6632740497589111
train,lj_noisy,1,50,1.0700898170471191,-1.7618619203567505,-1.295161247253418,-0.6082947850227356,1.5772199630737305,2.2756717205047607
train,lj_noisy,1,60,1.431764841079712,-2.2684428691864014,-1.6574406623840332,-0.8352720737457275,2.0571837425231934,2.936129093170166
train,lj_noisy,1,70,1.8194379806518555,-2.8108904361724854,-2.0451250076293945,-1.0785186290740967,2.571852684020996,3.644792318344116
train,lj_noisy,1,80,2.233633518218994,-3.3898751735687256,-2.458829641342163,-1.338463306427002,3.1219418048858643,4.402645587921143
train,lj_noisy,1,90,2.67374849319458,-4.004417896270752,-2.897937297821045,-1.6147801876068115,3.7066988945007324,5.2085981369018555
train,lj_noisy,1,100,3.140120267868042,-4.654970645904541,-3.3628015518188477,-1.9076570272445679,4.326440334320068,6.062982559204102
train,lj_noisy,2,0,-0.4330204725265503,0.349645733833313,0.2176794558763504,0.3330722153186798,-0.39895403385162354,-0.45126503705978394
train,lj_noisy,2,10,-0.17534837126731873,-0.013978762552142143,-0.04433929920196533,0.17000138759613037,-0.058626122772693634,0.015243370085954666
train,lj_noisy,2,20,0.0860794335603714,-0.38284221291542053,-0.3095610737800598,0.004938455298542976,0.2867916226387024,0.4889082610607147
train,lj_noisy,2,30,0.3553353548049927,-0.7625051736831665,-0.5819270610809326,-0.16451552510261536,0.6422209739685059,0.9766298532485962
train,lj_noisy,2,40,0.641701877117157,-1.1659634113311768,-0.871429979801178,-0.344740629196167,1.0199921131134033,1.4951510429382324
train,lj_noisy,2,50,0.9408664703369141,-1.587220311164856,-1.1735949516296387,-0.5328820943832397,1.4144288301467896,2.036748170852661
train,lj_noisy,2,60,1.2506603002548218,-2.0232603549957275,-1.4861996173858643,-0.7275421023368835,1.822672724723816,2.597532033920288
train,lj_noisy,2,70,1.571488857269287,-2.4746081829071045,-1.8095533847808838,-0.9289085865020752,2.2452542781829834,3.178223133087158
train,lj_noisy,2,80,1.9048142433166504,-2.9433748722076416,-2.14520263671875,-1.1379526853561401,2.684152364730835,3.7815568447113037
train,lj_noisy,2,90,2.2492876052856445,-3.4276230335235596,-2.491734743118286,-1.353808879852295,3.1376240253448486,4.405121326446533
train,lj_noisy,2,100,2.6055238246917725,-3.9282965660095215,-2.849910259246826,-1.5769516229629517,3.6064884662628174,5.05007266998291
train,lj_noisy,3,0,-0.36658045649528503,0.2590812146663666,0.15762193500995636,0.29991278052330017,-0.33791419863700867,-0.3496256172657013
train,lj_noisy,3,10,-0.042988359928131104,-0.19686268270015717,-0.1712069809436798,0.09557497501373291,0.08968450129032135,0.23727670311927795
train,lj_noisy,3,20,0.29168546199798584,-0.667732834815979,-0.5100703835487366,-0.1152537614107132,0.5323740839958191,0.8450151085853577
train,lj_noisy,3,30,0.6515777707099915,-1.1736383438110352,-0.873554527759552,-0.34153199195861816,1.0081236362457275,1.4986772537231445
train,lj_noisy,3,40,1.0437004566192627,-1.7244629859924316,-1.26882803440094,-0.5877571702003479,1.5262354612350464,2.211127758026123
train,lj_noisy,3,50,1.4707590341567993,-2.323997735977173,-1.6986470222473145,-0.8556816577911377,2.0903289318084717,2.987368106842041
train,lj_noisy,3,60,1.937542200088501,-2.9788103103637695,-2.167253255844116,-1.1479257345199585,2.706681251525879,3.836101531982422
train,lj_noisy,3,70,2.4450693130493164,-3.690659284591675,-2.675457000732422,-1.4648833274841309,3.37650728225708,4.759339809417725
train,lj_noisy,3,80,2.9947104454040527,-4.461269378662109,-3.22456693649292,-1.8074390888214111,4.1016058921813965,5.759472370147705
train,lj_noisy,3,90,3.5911693572998047,-5.297327518463135,-3.819728374481201,-2.1788992881774902,4.888279438018799,6.845281600952148
train,lj_noisy,3,100,4.232999324798584,-6.1968488693237305,-4.459644317626953,-2.5784847736358643,5.734679222106934,8.014250755310059
train,lj_noisy,4,0,-0.26675644516944885,0.1151372641324997,0.052068475633859634,0.23398588597774506,-0.19057726860046387,-0.15748710930347443
train,lj_noisy,4,10,0.014319892041385174,-0.280880331993103,-0.23350107669830322,0.056272223591804504,0.18054814636707306,0.3516930341720581
train,lj_noisy,4,20,0.30315735936164856,-0.6877673268318176,-0.526012659072876,-0.1257529854774475,0.5620188117027283,0.8755038976669312
train,lj_noisy,4,30,0.6088002920150757,-1.118416428565979,-0.8348254561424255,-0.3178587257862091,0.965589702129364,1.4302705526351929
train,lj_noisy,4,40,0.9344369173049927,-1.5770268440246582,-1.1630504131317139,-0.5221192836761475,1.3955719470977783,2.0217535495758057
train,lj_noisy,4,50,1.2818222045898438,-2.066161632537842,-1.5125925540924072,-0.739709734916687,1.854149341583252,2.6530652046203613
train,lj_noisy,4,60,1.6509398221969604,-2.5857863426208496,-1.8834036588668823,-0.9706131815910339,2.341276168823242,3.324134349822998
train,lj_noisy,4,70,2.042689800262451,-3.137213945388794,-2.2764968872070312,-1.2154604196548462,2.85811448097229,4.036571025848389
train,lj_noisy,4,80,2.455401659011841,-3.7180490493774414,-2.6901869773864746,-1.4732208251953125,3.4024715423583984,4.787308216094971
train,lj_noisy,4,90,2.8849987983703613,-4.322552680969238,-3.120408535003662,-1.741350531578064,3.9688873291015625,5.5687761306762695
train,lj_noisy,4,100,3.325894832611084,-4.942662239074707,-3.5617566108703613,-2.016568422317505,4.550097942352295,6.370736598968506
train,lj_noisy,5,0,-0.3071284592151642,0.17712107300758362,0.09675157070159912,0.2593461573123932,-0.25302737951278687,-0.24213910102844238
train,lj_noisy,5,10,-0.10480784624814987,-0.10813651978969574,-0.1091528981924057,0.13109727203845978,0.014384342357516289,0.1247449517250061
train,lj_noisy,5,20,0.08693770319223404,-0.3786121606826782,-0.30432552099227905,0.009610303677618504,0.2672991454601288,0.47230827808380127
train,lj_noisy,5,30,0.28413358330726624,-0.6570433974266052,-0.5047613382339478,-0.11499837040901184,0.5269774198532104,0.8297430872917175
train,lj_noisy,5,40,0.4899439215660095,-0.9479392766952515,-0.7135584950447083,-0.24465544521808624,0.7976872324943542,1.2029287815093994
train,lj_noisy,5,50,0.70717453956604,-1.255273699760437,-0.933486819267273,-0.38108912110328674,1.0832024812698364,1.5970609188079834
train,lj_noisy,5,60,0.9380239844322205,-1.5821541547775269,-1.1667546033859253,-0.5256866216659546,1.386493444442749,2.01621413230896
train,lj_noisy,5,70,1.183953046798706,-1.9306195974349976,-1.41483736038208,-0.6793779730796814,1.7095177173614502,2.463052988052368
train,lj_noisy,5,80,1.4444137811660767,-2.299786329269409,-1.6771734952926636,-0.8418697118759155,2.051635980606079,2.936460256576538
train,lj_noisy,5,90,1.7247352600097656,-2.6974334716796875,-1.9592522382736206,-1.0165526866912842,2.419970989227295,3.4464166164398193
train,lj_noisy,5,100,2.0232205390930176,-3.121077060699463,-2.2594077587127686,-1.202398657798767,2.812225818634033,3.9897046089172363
train,lj_noisy,6,0,-0.35229888558387756,0.23743975162506104,0.1437007337808609,0.2924749553203583,-0.3196370303630829,-0.32475757598876953
train,lj_noisy,6,10,-0.08282452821731567,-0.14219118654727936,-0.12998192012310028,0.122395820915699,0.03513467684388161,0.16275204718112946
train,lj_noisy,6,20,0.1922396719455719,-0.5295988321304321,-0.4084354341030121,-0.050634630024433136,0.3970658481121063,0.6605201363563538
train,lj_noisy,6,30,0.4820277988910675,-0.9376698732376099,-0.7013450860977173,-0.2326679825782776,0.7782071828842163,1.185076117515564
train,lj_noisy,6,40,0.7855945825576782,-1.3650643825531006,-1.0077918767929077,-0.4231334924697876,1.1773227453231812,1.7347025871276855
train,lj_noisy,6,50,1.1023354530334473,-1.8109153509140015,-1.327169418334961,-0.6216533184051514,1.5936188697814941,2.30828857421875
train,lj_noisy,6,60,1.432329535484314,-2.275346040725708,-1.6595721244812012,-0.8282870054244995,2.0272066593170166,2.906002998352051
train,lj_noisy,6,70,1.7756125926971436,-2.7584030628204346,-2.0050206184387207,-1.0430490970611572,2.47812819480896,3.5279343128204346
train,lj_noisy,6,80,2.1323373317718506,-3.2603166103363037,-2.3636488914489746,-1.266021728515625,2.946587562561035,4.174399375915527
train,lj_noisy,6,90,2.502434015274048,-3.7809934616088867,-2.7353928089141846,-1.4971660375595093,3.432494878768921,4.84529972076416
train,lj_noisy,6,100,2.88576340675354,-4.320249080657959,-3.120089530944824,-1.7363773584365845,3.9356603622436523,5.540409088134766
train,lj_noisy,7,0,-0.39183858036994934,0.29158705472946167,0.17505091428756714,0.306721031665802,-0.34294393658638,-0.3738906979560852
train,lj_noisy,7,10,-0.1424487829208374,-0.05986548960208893,-0.07866975665092468,0.14860957860946655,-0.013291778974235058,0.07761218398809433
train,lj_noisy,7,20,0.11731884628534317,-0.42585015296936035,-0.3424316346645355,-0.015842342749238014,0.330276757478714,0.5483121275901794
train,lj_noisy,7,30,0.39784061908721924,-0.8211290836334229,-0.6267113089561462,-0.1930515617132187,0.7011003494262695,1.05692458152771
train,lj_noisy,7,40,0.7058811783790588,-1.2551368474960327,-0.9383128881454468,-0.3872409462928772,1.1079906225204468,1.6155226230621338
train,lj_noisy,7,50,1.0363507270812988,-1.7207740545272827,-1.272210955619812,-0.595287024974823,1.5442012548446655,2.2149477005004883
train,lj_noisy,7,60,1.388179063796997,-2.216549873352051,-1.627321720123291,-0.8165172934532166,2.0083580017089844,2.8532981872558594
train,lj_noisy,7,70,1.7601442337036133,-2.740744113922119,-2.0024571418762207,-1.0501943826675415,2.498838186264038,3.5283310413360596
train,lj_noisy,7,80,2.150442600250244,-3.290839195251465,-2.3957648277282715,-1.2951228618621826,3.0132040977478027,4.236721515655518
train,lj_noisy,7,90,2.5629029273986816,-3.8722081184387207,-2.811046600341797,-1.5535905361175537,3.5564157962799072,4.985254287719727
train,lj_noisy,7,100,2.9991965293884277,-4.4869771003723145,-3.250126361846924,-1.8268678188323975,4.130866050720215,5.776932716369629
train,lj_noisy,8,0,-0.28312161564826965,0.1394088715314865,0.07151617854833603,0.2476547807455063,-0.21948979794979095,-0.19160103797912598
train,lj_noisy,8,10,-0.006263935938477516,-0.2507060766220093,-0.20983272790908813,0.07269653677940369,0.14586912095546722,0.3099186420440674
train,lj_noisy,8,20,0.2612909972667694,-0.6278550028800964,-0.4814515709877014,-0.09620672464370728,0.49867117404937744,0.7948015928268433
train,lj_noisy,8,30,0.532359778881073,-1.0099588632583618,-0.7562369704246521,-0.267070472240448,0.8558260202407837,1.2861250638961792
train,lj_noisy,8,40,0.8118945956230164,-1.403943419456482,-1.039133906364441,-0.4429073631763458,1.2237807512283325,1.7927254438400269
train,lj_noisy,8,50,1.102947473526001,-1.8139851093292236,-1.3329614400863647,-0.6254626512527466,1.6066207885742188,2.3201608657836914
train,lj_noisy,8,60,1.4082157611846924,-2.2439119815826416,-1.6406893730163574,-0.8166497945785522,2.0080676078796387,2.8734138011932373
train,lj_noisy,8,70,1.7235686779022217,-2.6880600452423096,-1.9583523273468018,-1.014005422592163,2.422618865966797,3.445086717605591
train,lj_noisy,8,80,2.039714813232422,-3.1333999633789062,-2.276172637939453,-1.2113808393478394,2.838010787963867,4.01834774017334
train,lj_noisy,8,90,2.3634495735168457,-3.5895442962646484,-2.60115385055542,-1.4131354093551636,3.263188362121582,4.605556011199951
train,lj_noisy,8,100,2.695885419845581,-4.058018207550049,-2.934448480606079,-1.6199960708618164,3.6996123790740967,5.208704471588135
train,lj_noisy,9,0,-0.50528883934021,0.44945240020751953,0.2881152629852295,0.37655141949653625,-0.48988077044487,-0.5744290947914124
train,lj_noisy,9,10,-0.2726484537124634,0.12152456492185593,0.05188443884253502,0.2293916493654251,-0.18262669444084167,-0.15364950895309448
train,lj_noisy,9,20,-0.03833899646997452,-0.20786286890506744,-0.18489545583724976,0.08169583976268768,0.12706010043621063,0.27018874883651733
train,lj_noisy,9,30,0.21419909596443176,-0.5624792575836182,-0.4391041100025177,-0.07691548019647598,0.4606384038925171,0.7270713448524475
train,lj_noisy,9,40,0.4925401210784912,-0.9531176090240479,-0.7185008525848389,-0.25123119354248047,0.8278268575668335,1.230568528175354
train,lj_noisy,9,50,0.7990599274635315,-1.3829612731933594,-1.0252176523208618,-0.44259029626846313,1.231763243675232,1.784961223602295
train,lj_noisy,9,60,1.135990858078003,-1.8550992012023926,-1.3615918159484863,-0.6524616479873657,1.675267219543457,2.3941540718078613
train,lj_noisy,9,70,1.5037392377853394,-2.370086669921875,-1.7281248569488525,-0.8811807036399841,2.1588313579559326,3.0588293075561523
train,lj_noisy,9,80,1.9041361808776855,-2.930433511734009,-2.126688241958618,-1.1299543380737305,2.6848769187927246,3.782400608062744
train,lj_noisy,9,90,2.336186647415161,-3.5347065925598145,-2.5563559532165527,-1.3982640504837036,3.2521796226501465,4.563230991363525
train,lj_noisy,9,100,2.7985129356384277,-4.180944442749023,-3.0157952308654785,-1.6853251457214355,3.8590312004089355,5.399001121520996
train,lj_noisy,10,0,-0.49499958753585815,0.4373454749584198,0.282881498336792,0.3752826452255249,-0.4895183742046356,-0.5676478743553162
train,lj_noisy,10,10,-0.22666944563388824,0.058563318103551865,0.009623921476304531,0.20520508289337158,-0.1351299285888672,-0.08165954053401947
train,lj_noisy,10,20,0.045646581798791885,-0.32565417885780334,-0.26716557145118713,0.032824866473674774,0.2246682494878769,0.41196349263191223
train,lj_noisy,10,30,0.3308994770050049,-0.7280176281929016,-0.5564599633216858,-0.14733150601387024,0.6014578938484192,0.9292566180229187
train,lj_noisy,10,40,0.6325878500938416,-1.1534667015075684,-0.8618331551551819,-0.33749106526374817,0.999782919883728,1.4765019416809082
train,lj_noisy,10,50,0.9522825479507446,-1.6042364835739136,-1.184901237487793,-0.5386688709259033,1.4217008352279663,2.056556224822998
train,lj_noisy,10,60,1.2916196584701538,-2.0826992988586426,-1.5273785591125488,-0.7519316077232361,1.86935555934906,2.6724274158477783
train,lj_noisy,10,70,1.6511307954788208,-2.589627265930176,-1.8897762298583984,-0.9775955677032471,2.3434600830078125,3.3251285552978516
train,lj_noisy,10,80,2.033596992492676,-3.128992795944214,-2.2750070095062256,-1.2174686193466187,2.8476712703704834,4.0196967124938965
train,lj_noisy,10,90,2.4230451583862305,-3.6777353286743164,-2.6671507358551025,-1.4615592956542969,3.360330820083618,4.725915908813477
train,lj_noisy,10,100,2.8222157955169678,-4.2401933670043945,-3.068830728530884,-1.7115142345428467,3.8854126930236816,5.449614524841309
train,lj_noisy,11,0,-0.4039946496486664,0.30728083848953247,0.19139035046100616,0.3196471929550171,-0.36400437355041504,-0.3955741822719574
train,lj_noisy,11,10,-0.12717881798744202,-0.08304935693740845,-0.0903891772031784,0.14417316019535065,0.0016605152050033212,0.10619904100894928
train,lj_noisy,11,20,0.14138153195381165,-0.46193447709083557,-0.3632528781890869,-0.025967497378587723,0.3571171462535858,0.5942526459693909
train,lj_noisy,11,30,0.4126405417919159,-0.8446105718612671,-0.6382728219032288,-0.19757838547229767,0.7163291573524475,1.0879164934158325
train,lj_noisy,11,40,0.6900670528411865,-1.2358475923538208,-0.9190195202827454,-0.37291765213012695,1.0838680267333984,1.5934466123580933
train,lj_noisy,11,50,0.975226879119873,-1.6377453804016113,-1.207131028175354,-0.5530499219894409,1.4618301391601562,2.113680362701416
train,lj_noisy,11,60,1.2692618370056152,-2.0518245697021484,-1.503823161125183,-0.7387852668762207,1.8517794609069824,2.65073299407959
train,lj_noisy,11,70,1.5724776983261108,-2.478397846221924,-1.8094232082366943,-0.9303849339485168,2.254183292388916,3.205198287963867
train,lj_noisy,11,80,1.880768060684204,-2.9115893840789795,-2.119961738586426,-1.1254957914352417,2.663792848587036,3.7697389125823975
train,lj_noisy,11,90,2.195446491241455,-3.3532187938690186,-2.436823606491089,-1.3250060081481934,3.082395076751709,4.346782684326172
train,lj_noisy,11,100,2.510146141052246,-3.7931575775146484,-2.753627300262451,-1.525221824645996,3.5014724731445312,4.924166679382324
train,lj_noisy,12,0,-0.543189287185669,0.5028552412986755,0.32526877522468567,0.39934784173965454,-0.5293291211128235,-0.6347053647041321
train,lj_noisy,12,10,-0.309098482131958,0.1725662797689438,0.08714698255062103,0.25083333253860474,-0.2198687493801117,-0.21072344481945038
train,lj_noisy,12,20,-0.07448795437812805,-0.1582522690296173,-0.15112370252609253,0.10208084434270859,0.09060680866241455,0.21475805342197418
train,lj_noisy,12,30,0.17041578888893127,-0.5034151673316956,-0.3994077146053314,-0.05296378955245018,0.4146740138530731,0.6591361165046692
train,lj_noisy,12,40,0.4284173250198364,-0.8669506311416626,-0.6605023145675659,-0.21600773930549622,0.7559731602668762,1.1274964809417725
train,lj_noisy,12,50,0.7014958262443542,-1.2517459392547607,-0.9364295601844788,-0.38828033208847046,1.1170477867126465,1.6234345436096191
train,lj_noisy,12,60,0.9904515743255615,-1.6587817668914795,-1.2280036211013794,-0.570269763469696,1.498741865158081,2.1480939388275146
train,lj_noisy,12,70,1.2958011627197266,-2.088970899581909,-1.5356676578521729,-0.7622028589248657,1.9017637968063354,2.702601671218872
train,lj_noisy,12,80,1.6223227977752686,-2.5491137504577637,-1.8642494678497314,-0.967053234577179,2.3324103355407715,3.295597791671753
train,lj_noisy,12,90,1.9663763046264648,-3.0338404178619385,-2.2099416255950928,-1.1825124025344849,2.7859995365142822,3.9204297065734863
train,lj_noisy,12,100,2.332423686981201,-3.550128698348999,-2.577638626098633,-1.4114772081375122,3.2682461738586426,4.585184574127197
train,lj_noisy,13,0,-0.295779824256897,0.16164982318878174,0.08603863418102264,0.2551044225692749,-0.25391724705696106,-0.22817400097846985
train,lj_noisy,13,10,-0.024258989840745926,-0.22121906280517578,-0.19031448662281036,0.08338896930217743,0.10422176122665405,0.26382210850715637
train,lj_noisy,13,20,0.261689156293869,-0.6245615482330322,-0.4807486832141876,-0.09709734469652176,0.48138195276260376,0.7824063897132874
train,lj_noisy,13,30,0.5714126229286194,-1.0617213249206543,-0.7947218418121338,-0.29207804799079895,0.8895706534385681,1.3443257808685303
train,lj_noisy,13,40,0.9064329266548157,-1.5348745584487915,-1.1337637901306152,-0.5024808645248413,1.3307719230651855,1.9523465633392334
train,lj_noisy,13,50,1.2682666778564453,-2.0461862087249756,-1.4994163513183594,-0.7292496562004089,1.8069639205932617,2.6092300415039062
train,lj_noisy,13,60,1.6560183763504028,-2.5943970680236816,-1.8906916379928589,-0.9717720150947571,2.3170063495635986,3.3133842945098877
train,lj_noisy,13,70,2.070632219314575,-3.1808433532714844,-2.3085434436798096,-1.230617880821228,2.8620710372924805,4.066443920135498
train,lj_noisy,13,80,2.5085983276367188,-3.8004517555236816,-2.7495107650756836,-1.5036756992340088,3.4375522136688232,4.861952304840088
train,lj_noisy,13,90,2.9585626125335693,-4.436852931976318,-3.2023258209228516,-1.784117341041565,4.028811454772949,5.6792497634887695
train,lj_noisy,13,100,3.433936595916748,-5.109253406524658,-3.680398464202881,-2.080167055130005,4.653318405151367,6.542906761169434
train,lj_noisy,14,0,-0.44350677728652954,0.36127355694770813,0.22990912199020386,0.3433459401130676,-0.41133594512939453,-0.4642734229564667
train,lj_noisy,14,10,-0.17528396844863892,-0.01698409765958786,-0.04292391613125801,0.1735570877790451,-0.057300277054309845,0.021140266209840775
train,lj_noisy,14,20,0.09748044610023499,-0.4015516936779022,-0.3196435868740082,0.001401081564836204,0.302776575088501,0.5150684714317322
train,lj_noisy,14,30,0.3849310278892517,-0.8066622614860535,-0.6106258034706116,-0.17959797382354736,0.6820265650749207,1.035646915435791
train,lj_noisy,14,40,0.6923462152481079,-1.239708662033081,-0.9212483167648315,-0.3728054165840149,1.0873039960861206,1.592267632484436
train,lj_noisy,14,50,1.0214568376541138,-1.7031325101852417,-1.2532256841659546,-0.5791949033737183,1.520498514175415,2.187575340270996
train,lj_noisy,14,60,1.365131139755249,-2.1869771480560303,-1.5994453430175781,-0.7943726181983948,1.972383975982666,2.8090572357177734
train,lj_noisy,14,70,1.7232751846313477,-2.6910438537597656,-1.9597258567810059,-1.0182712078094482,2.4429855346679688,3.4566667079925537
train,lj_noisy,14,80,2.092503547668457,-3.210526466369629,-2.3304922580718994,-1.248618483543396,2.92769193649292,4.1240949630737305
train,lj_noisy,14,90,2.4737298488616943,-3.7466301918029785,-2.7127299308776855,-1.486093282699585,3.42783260345459,4.813115119934082
train,lj_noisy,14,100,2.8673956394195557,-4.2999653816223145,-3.106898784637451,-1.730977177619934,3.943984031677246,5.524547576904297
train,lj_noisy,15,0,-0.3988710045814514,0.30365946888923645,0.18756413459777832,0.31766051054000854,-0.37497639656066895,-0.4028347134590149
train,lj_noisy,15,10,-0.11026183515787125,-0.10315060615539551,-0.10597079992294312,0.13533315062522888,0.0054047442972660065,0.11954187601804733
train,lj_noisy,15,20,0.1831301748752594,-0.5165472030639648,-0.4037720561027527,-0.049579862505197525,0.39160728454589844,0.6503607630729675
train,lj_noisy,15,30,0.4909062385559082,-0.9501523971557617,-0.7156358361244202,-0.24318155646324158,0.7963919639587402,1.2072396278381348
train,lj_noisy,15,40,0.814823567867279,-1.4064569473266602,-1.0433464050292969,-0.4466018080711365,1.2221540212631226,1.7934656143188477
train,lj_noisy,15,50,1.1540722846984863,-1.8842716217041016,-1.3859431743621826,-0.6592496037483215,1.6678974628448486,2.4076082706451416
train,lj_noisy,15,60,1.5105478763580322,-2.3862998485565186,-1.7454279661178589,-0.8823739290237427,2.1361024379730225,3.0531246662139893
train,lj_noisy,15,70,1.8851697444915771,-2.9138448238372803,-2.1227190494537354,-1.1165416240692139,2.6279733180999756,3.731701374053955
train,lj_noisy,15,80,2.2793498039245605,-3.468920946121216,-2.519252300262451,-1.3626413345336914,3.1453728675842285,4.445940971374512
train,lj_noisy,15,90,2.6934010982513428,-4.051920413970947,-2.9353091716766357,-1.6208610534667969,3.68869686126709,5.196386337280273
train,lj_noisy,15,100,3.1292476654052734,-4.665547847747803,-3.372800827026367,-1.892383337020874,4.260472774505615,5.986553192138672
train,lj_noisy,16,0,-0.5644699335098267,0.5330261588096619,0.3498205840587616,0.41521456837654114,-0.5634191632270813,-0.6786927580833435
train,lj_noisy,16,10,-0.30688345432281494,0.16898328065872192,0.08737251907587051,0.25180119276046753,-0.22313256561756134,-0.21214330196380615
train,lj_noisy,16,20,-0.0520845502614975,-0.19126178324222565,-0.17187407612800598,0.0904747024178505,0.11324015259742737,0.24946197867393494
train,lj_noisy,16,30,0.21397975087165833,-0.5674409866333008,-0.4420948028564453,-0.07759460806846619,0.46425938606262207,0.7315349578857422
train,lj_noisy,16,40,0.49231886863708496,-0.9609462022781372,-0.7243257761001587,-0.2530710697174072,0.8312217593193054,1.235877513885498
train,lj_noisy,16,50,0.7812567353248596,-1.3693915605545044,-1.0167737007141113,-0.4348304569721222,1.2118887901306152,1.7594791650772095
train,lj_noisy,16,60,1.080542802810669,-1.7921983003616333,-1.3193061351776123,-0.6228827834129333,1.6059919595718384,2.3017940521240234
train,lj_noisy,16,70,1.389256477355957,-2.2280757427215576,-1.630958080291748,-0.8166207075119019,2.0123374462127686,2.8612377643585205
train,lj_noisy,16,80,1.7104946374893188,-2.6814093589782715,-1.9547855854034424,-1.017927646636963,2.4349846839904785,3.443439245223999
train,lj_noisy,16,90,2.0457265377044678,-3.154162883758545,-2.292163372039795,-1.2276660203933716,2.8758432865142822,4.0509934425354
train,lj_noisy,16,100,2.3965346813201904,-3.6485979557037354,-2.6447222232818604,-1.4468454122543335,3.3369598388671875,4.686769008636475
train,lj_noisy,17,0,-0.34264862537384033,0.22302360832691193,0.12588350474834442,0.2771155536174774,-0.2766091227531433,-0.2840122878551483
train,lj_noisy,17,10,-0.07545803487300873,-0.1533295214176178,-0.14559437334537506,0.10781244188547134,0.07720857113599777,0.20082536339759827
train,lj_noisy,17,20,0.1964215785264969,-0.5358887314796448,-0.4209670424461365,-0.06416544318199158,0.4376964569091797,0.6950307488441467
train,lj_noisy,17,30,0.4859054386615753,-0.9427449703216553,-0.713374674320221,-0.24700751900672913,0.8216102123260498,1.2218217849731445
train,lj_noisy,17,40,0.7966132164001465,-1.3789350986480713,-1.02652907371521,-0.44307923316955566,1.2336831092834473,1.78780198097229
train,lj_noisy,17,50,1.1285607814788818,-1.844452142715454,-1.3604496717453003,-0.6524301767349243,1.6739530563354492,2.3931100368499756
train,lj_noisy,17,60,1.4827548265457153,-2.340517520904541,-1.716015338897705,-0.8756977319717407,2.143871784210205,3.0397191047668457
train,lj_noisy,17,70,1.8613576889038086,-2.870211362838745,-2.0953850746154785,-1.11426842212677,2.64636492729187,3.731844186782837
train,lj_noisy,17,80,2.2666900157928467,-3.4367520809173584,-2.5007877349853516,-1.369591236114502,3.1845850944519043,4.473970413208008
train,lj_noisy,17,90,2.702841281890869,-4.045662879943848,-2.936318874359131,-1.6443300247192383,3.764026641845703,5.273643493652344
train,lj_noisy,17,100,3.1714208126068115,-4.6973490715026855,-3.4042396545410156,-1.9401764869689941,4.386626720428467,6.131618499755859
train,lj_noisy,18,0,-0.48270583152770996,0.4170840382575989,0.2679573893547058,0.36663562059402466,-0.4624590277671814,-0.5355448126792908
train,lj_noisy,18,10,-0.20265674591064453,0.021779263392090797,-0.017017874866724014,0.18912702798843384,-0.0918322429060936,-0.02757967635989189
train,lj_noisy,18,20,0.08386373519897461,-0.3825860917568207,-0.3084084391593933,0.007405389565974474,0.2876284718513489,0.49274539947509766
train,lj_noisy,18,30,0.38315024971961975,-0.8049159646034241,-0.6124409437179565,-0.18231479823589325,0.684075117111206,1.0367404222488403
train,lj_noisy,18,40,0.6958920359611511,-1.2461878061294556,-0.9297701120376587,-0.3804319500923157,1.098428726196289,1.6057014465332031
train,lj_noisy,18,50,1.019827127456665,-1.7032313346862793,-1.2581549882888794,-0.5854290127754211,1.5273810625076294,2.195058822631836
train,lj_noisy,18,60,1.3516162633895874,-2.1714718341827393,-1.5943418741226196,-0.7952903509140015,1.9666075706481934,2.7988858222961426
train,lj_noisy,18,70,1.6917668581008911,-2.6515588760375977,-1.938799500465393,-1.0103639364242554,2.416921854019165,3.418250560760498
train,lj_noisy,18,80,2.0415449142456055,-3.1452419757843018,-2.2928104400634766,-1.231476068496704,2.8800764083862305,4.0555100440979
train,lj_noisy,18,90,2.4027528762817383,-3.655060291290283,-2.658163070678711,-1.4597548246383667,3.3585147857666016,4.714047431945801
train,lj_noisy,18,100,2.7742886543273926,-4.179415702819824,-3.0337867736816406,-1.6945290565490723,3.850717067718506,5.391778945922852
train,lj_noisy,19,0,-0.45969781279563904,0.38636770844459534,0.23998647928237915,0.34580889344215393,-0.41705843806266785,-0.485516220331192
train,lj_noisy,19,10,-0.20560401678085327,0.027792837470769882,-0.017941942438483238,0.1851029247045517,-0.08003853261470795,-0.02429148182272911
train,lj_noisy,19,20,0.05332205072045326,-0.3372455835342407,-0.28006312251091003,0.021779760718345642,0.26318463683128357,0.4457349181175232
train,lj_noisy,19,30,0.3237156867980957,-0.7182127833366394,-0.553404688835144,-0.14853869378566742,0.6211084127426147,0.9363354444503784
train,lj_noisy,19,40,0.6076304316520691,-1.1180357933044434,-0.840035617351532,-0.32713884115219116,0.9965222477912903,1.4513068199157715
train,lj_noisy,19,50,0.9046360850334167,-1.5361840724945068,-1.1395748853683472,-0.5137706398963928,1.3888803720474243,1.9899086952209473
train,lj_noisy,19,60,1.2150918245315552,-1.9730987548828125,-1.4523056745529175,-0.708631157875061,1.7987358570098877,2.5528512001037598
train,lj_noisy,19,70,1.5417397022247314,-2.4324533939361572,-1.7808268070220947,-0.913342297077179,2.229715347290039,3.1449756622314453
train,lj_noisy,19,80,1.8840278387069702,-2.9135780334472656,-2.124685049057007,-1.1276178359985352,2.6810336112976074,3.7653088569641113
train,lj_noisy,19,90,2.2401483058929443,-3.4140279293060303,-2.482145071029663,-1.3503758907318115,3.150322198867798,4.410655975341797
train,lj_noisy,19,100,2.609042167663574,-3.9323067665100098,-2.8521299362182617,-1.5809495449066162,3.6361939907073975,5.079106330871582
train,lj_noisy,20,0,-0.26508527994155884,0.11729107797145844,0.05405203998088837,0.23578780889511108,-0.21442638337612152,-0.17497287690639496
train,lj_noisy,20,10,0.008469365537166595,-0.2686363458633423,-0.22371722757816315,0.06352906674146652,0.14562344551086426,0.32036092877388
train,lj_noisy,20,20,0.2779881954193115,-0.6491913795471191,-0.4967718720436096,-0.10574129968881607,0.5003029108047485,0.80888432264328
train,lj_noisy,20,30,0.5545597672462463,-1.0397099256515503,-0.7764374017715454,-0.2790934443473816,0.8641027212142944,1.3103989362716675
train,lj_noisy,20,40,0.8413779139518738,-1.4446258544921875,-1.0657416582107544,-0.4583951234817505,1.2411386966705322,1.8306469917297363
train,lj_noisy,20,50,1.1407862901687622,-1.8672953844070435,-1.3671575784683228,-0.6451788544654846,1.634486436843872,2.3739120960235596
train,lj_noisy,20,60,1.4550104141235352,-2.3108878135681152,-1.683032751083374,-0.8409125804901123,2.0470964908599854,2.9442849159240723
train,lj_noisy,20,70,1.7851793766021729,-2.777003288269043,-2.0145370960235596,-1.0463290214538574,2.4804792404174805,3.54386830329895
train,lj_noisy,20,80,2.1320343017578125,-3.266685962677002,-2.3624095916748047,-1.2618927955627441,2.93562650680542,4.174060821533203
train,lj_noisy,20,90,2.4914724826812744,-3.7740252017974854,-2.722163677215576,-1.4848003387451172,3.407102584838867,4.827255725860596
train,lj_noisy,20,100,2.8631088733673096,-4.298616409301758,-3.09338116645813,-1.7147555351257324,3.8943533897399902,5.502869606018066
train,lj_noisy,21,0,-0.4647451639175415,0.39478930830955505,0.24915893375873566,0.35326671600341797,-0.442966490983963,-0.5081688165664673
train,lj_noisy,21,10,-0.19068269431591034,0.007666625082492828,-0.02989829331636429,0.17960233986377716,-0.08105941116809845,-0.011512098833918571
train,lj_noisy,21,20,0.08097972720861435,-0.37628108263015747,-0.30624181032180786,0.007552788592875004,0.2777143120765686,0.4813709855079651
train,lj_noisy,21,30,0.35919129848480225,-0.7697063088417053,-0.5887359380722046,-0.16829341650009155,0.6450797319412231,0.9866825938224792
train,lj_noisy,21,40,0.647394597530365,-1.177490472793579,-0.8808404803276062,-0.35006582736968994,1.0255515575408936,1.5106736421585083
train,lj_noisy,21,50,0.9472692012786865,-1.6019240617752075,-1.1842775344848633,-0.5388355255126953,1.4213086366653442,2.056291103363037
train,lj_noisy,21,60,1.2605355978012085,-2.0454659461975098,-1.5008341073989868,-0.7357162237167358,1.8345928192138672,2.626673936843872
train,lj_noisy,21,70,1.5851472616195679,-2.5049540996551514,-1.8283295631408691,-0.9393953084945679,2.262784719467163,3.2179782390594482
train,lj_noisy,21,80,1.9108330011367798,-2.9658398628234863,-2.1564128398895264,-1.1435015201568604,2.6926612854003906,3.8115949630737305
train,lj_noisy,21,90,2.2377727031707764,-3.4285058975219727,-2.485161542892456,-1.3480178117752075,3.124248504638672,4.407972812652588
train,lj_noisy,21,100,2.5706748962402344,-3.8993723392486572,-2.8194997310638428,-1.556036353111267,3.563577651977539,5.01528263092041
train,lj_noisy,22,0,-0.3868602514266968,0.28726518154144287,0.17213886976242065,0.30518966913223267,-0.34897077083587646,-0.3750815987586975
train,lj_noisy,22,10,-0.11823049187660217,-0.09206681698560715,-0.10165118426084518,0.1348491907119751,0.005618434399366379,0.11156924068927765
train,lj_noisy,22,20,0.1550172120332718,-0.4782715439796448,-0.37991437315940857,-0.038241297006607056,0.3660506010055542,0.6068397164344788
train,lj_noisy,22,30,0.43874529004096985,-0.8794159293174744,-0.6684615612030029,-0.21768787503242493,0.7401306629180908,1.1213209629058838
train,lj_noisy,22,40,0.7271910309791565,-1.2872843742370605,-0.9614163041114807,-0.39979538321495056,1.1202013492584229,1.6444282531738281
train,lj_noisy,22,50,1.0288715362548828,-1.7139668464660645,-1.2674616575241089,-0.5899786949157715,1.5174860954284668,2.191699981689453
train,lj_noisy,22,60,1.3469517230987549,-2.163950204849243,-1.5897889137268066,-0.7902188301086426,1.9361649751663208,2.7689194679260254
train,lj_noisy,22,70,1.6846286058425903,-2.641763925552368,-1.931613802909851,-1.0025073289871216,2.3804593086242676,3.3819193840026855
train,lj_noisy,22,80,2.0443906784057617,-3.1509599685668945,-2.2954351902008057,-1.2283878326416016,2.853640556335449,4.035248756408691
train,lj_noisy,22,90,2.4314961433410645,-3.698972702026367,-2.6865622997283936,-1.4711450338363647,3.362612247467041,4.7384562492370605
train,lj_noisy,22,100,2.8501877784729004,-4.291381359100342,-3.109361410140991,-1.7335292100906372,3.9128496646881104,5.498836517333984
train,lj_noisy,23,0,-0.4705089032649994,0.4037835896015167,0.2552008628845215,0.35521119832992554,-0.44733765721321106,-0.5180029273033142
train,lj_noisy,23,10,-0.2726031541824341,0.12398682534694672,0.053772471845149994,0.22976991534233093,-0.1857091337442398,-0.1593203991651535
train,lj_noisy,23,20,-0.1021779403090477,-0.11728078126907349,-0.1189732477068901,0.12252412736415863,0.038913384079933167,0.1493482142686844
train,lj_noisy,23,30,0.07485411316156387,-0.36823365092277527,-0.29799172282218933,0.011645867489278316,0.27160269021987915,0.46989506483078003
train,lj_noisy,23,40,0.2797342538833618,-0.6584455966949463,-0.5049890875816345,-0.11674662679433823,0.541411280632019,0.8412640690803528
train,lj_noisy,23,50,0.4948720335960388,-0.9629618525505066,-0.7221025228500366,-0.251484215259552,0.8246778845787048,1.2312650680541992
train,lj_noisy,23,60,0.7230021357536316,-1.28574538230896,-0.9518683552742004,-0.394037663936615,1.1248804330825806,1.644829273223877
train,lj_noisy,23,70,0.9645745158195496,-1.6274462938308716,-1.1948258876800537,-0.5447478294372559,1.442571759223938,2.082754611968994
train,lj_noisy,23,80,1.2196587324142456,-1.9881341457366943,-1.4511017799377441,-0.7037055492401123,1.7778301239013672,2.545137405395508
train,lj_noisy,23,90,1.4849520921707153,-2.362966299057007,-1.717311143875122,-0.868786096572876,2.126176595687866,3.0257365703582764
train,lj_noisy,23,100,1.7634124755859375,-2.756272315979004,-1.996550440788269,-1.0418964624404907,2.4914560317993164,3.5300068855285645
train,lj_noisy,24,0,-0.5279382467269897,0.4825538098812103,0.3148132562637329,0.3939136862754822,-0.5189204216003418,-0.6139701008796692
train,lj_noisy,24,10,-0.2536492347717285,0.09529243409633636,0.035621631890535355,0.22021842002868652,-0.15659809112548828,-0.11694081127643585
train,lj_noisy,24,20,0.026911083608865738,-0.30049794912338257,-0.24910850822925568,0.04313954338431358,0.21369533240795135,0.3914240896701813
train,lj_noisy,24,30,0.3244640529155731,-0.7199234366416931,-0.550400972366333,-0.14423565566539764,0.6060872077941895,0.9305740594863892
train,lj_noisy,24,40,0.6415924429893494,-1.1666293144226074,-0.8708938360214233,-0.3435632884502411,1.0239745378494263,1.505197525024414
train,lj_noisy,24,50,0.9800140857696533,-1.6430139541625977,-1.2122606039047241,-0.555883526802063,1.4696075916290283,2.1184120178222656
train,lj_noisy,24,60,1.3446794748306274,-2.1559765338897705,-1.5793073177337646,-0.7841818928718567,1.9494675397872925,2.7792246341705322
train,lj_noisy,24,70,1.7388548851013184,-2.710096836090088,-1.9753313064575195,-1.0305131673812866,2.467775344848633,3.49354887008667
train,lj_noisy,24,80,2.170074462890625,-3.31589937210083,-2.407872438430786,-1.2995803356170654,3.0344173908233643,4.275109767913818
train,lj_noisy,24,90,2.6407406330108643,-3.976900339126587,-2.8792693614959717,-1.5928056240081787,3.652489185333252,5.128412246704102
train,lj_noisy,24,100,3.154120445251465,-4.697720527648926,-3.3927152156829834,-1.9121557474136353,4.326218605041504,6.05948543548584
train,lj_noisy,25,0,-0.38231924176216125,0.2804071009159088,0.16991156339645386,0.3053918778896332,-0.3465569317340851,-0.36717718839645386
train,lj_noisy,25,10,-0.09348244965076447,-0.12672050297260284,-0.12337930500507355,0.12314273416996002,0.03452092036604881,0.15597352385520935
train,lj_noisy,25,20,0.2082120031118393,-0.552003800868988,-0.4289723038673401,-0.06681064516305923,0.4326884150505066,0.7030794620513916
train,lj_noisy,25,30,0.5351763963699341,-1.0129069089889526,-0.7596229910850525,-0.27242228388786316,0.8641601800918579,1.2965333461761475
train,lj_noisy,25,40,0.8872307538986206,-1.5091454982757568,-1.1151325702667236,-0.4935886263847351,1.328721523284912,1.9360268115997314
train,lj_noisy,25,50,1.2641632556915283,-2.040403127670288,-1.4953057765960693,-0.7302119731903076,1.8261277675628662,2.6212141513824463
train,lj_noisy,25,60,1.6686222553253174,-2.610515594482422,-1.903019666671753,-0.9840697050094604,2.3598759174346924,3.356928825378418
train,lj_noisy,25,70,2.0955893993377686,-3.2124593257904053,-2.333066701889038,-1.2518810033798218,2.923274040222168,4.134029865264893
train,lj_noisy,25,80,2.5442495346069336,-3.8450875282287598,-2.784602165222168,-1.5331270694732666,3.5152759552001953,4.9510817527771
train,lj_noisy,25,90,3.0172924995422363,-4.512223720550537,-3.260242462158203,-1.8294358253479004,4.13944673538208,5.8130083084106445
train,lj_noisy,25,100,3.516731023788452,-5.216723442077637,-3.7621066570281982,-2.1421477794647217,4.798480987548828,6.723570346832275
train,lj_noisy,26,0,-0.2402970939874649,0.08384988456964493,0.029787130653858185,0.21941496431827545,-0.1750110685825348,-0.12719407677650452
train,lj_noisy,26,10,0.06325701624155045,-0.34418758749961853,-0.2787828743457794,0.027653295546770096,0.2261977195739746,0.4232962727546692
train,lj_noisy,26,20,0.3738230764865875,-0.7817351818084717,-0.5940679311752319,-0.16850095987319946,0.6367945075035095,0.9866089820861816
train,lj_noisy,26,30,0.6941413879394531,-1.2324798107147217,-0.9186619520187378,-0.37065958976745605,1.060336709022522,1.56775963306427
train,lj_noisy,26,40,1.0317556858062744,-1.7071470022201538,-1.260215163230896,-0.583562433719635,1.5067293643951416,2.180523157119751
train,lj_noisy,26,50,1.3891981840133667,-2.209298610687256,-1.621166467666626,-0.8087182641029358,1.9793342351913452,2.82956862449646
train,lj_noisy,26,60,1.773903489112854,-2.749422550201416,-2.0089473724365234,-1.0507869720458984,2.488044261932373,3.5286107063293457
train,lj_noisy,26,70,2.1911988258361816,-3.33512544631958,-2.4288265705108643,-1.3130664825439453,3.0399534702301025,4.287510871887207
train,lj_noisy,26,80,2.650956869125366,-3.980567216873169,-2.890807867050171,-1.601771354675293,3.6481106281280518,5.124449729919434
train,lj_noisy,26,90,3.1590445041656494,-4.693772315979004,-3.400404930114746,-1.9204195737838745,4.320461273193359,6.050354480743408
train,lj_noisy,26,100,3.7311277389526367,-5.497189521789551,-3.973314046859741,-2.278823137283325,5.077823638916016,7.0943121910095215
train,lj_noisy,27,0,-0.46224626898765564,0.3904484510421753,0.2424861490726471,0.34578272700309753,-0.42521923780441284,-0.4908429980278015
train,lj_noisy,27,10,-0.2160572111606598,0.04293804615736008,-0.008367755450308323,0.18940164148807526,-0.09940590709447861,-0.044236741960048676
train,lj_noisy,27,20,0.032029878348112106,-0.3073046803474426,-0.26069000363349915,0.03216470032930374,0.22867189347743988,0.40620413422584534
train,lj_noisy,27,30,0.29737505316734314,-0.6816250681877136,-0.5299887657165527,-0.13559769093990326,0.579198956489563,0.8877897262573242
train,lj_noisy,27,40,0.5786919593811035,-1.0780398845672607,-0.8148248195648193,-0.3130444884300232,0.9505798816680908,1.3980989456176758
train,lj_noisy,27,50,0.8818745613098145,-1.50519859790802,-1.121180534362793,-0.5037843585014343,1.3504050970077515,1.9479812383651733
train,lj_noisy,27,60,1.2069565057754517,-1.9632055759429932,-1.4490234851837158,-0.7077633738517761,1.7786632776260376,2.537513494491577
train,lj_noisy,27,70,1.5448213815689087,-2.4389336109161377,-1.788796305656433,-0.9191277027130127,2.2234747409820557,3.1503524780273438
train,lj_noisy,27,80,1.9021778106689453,-2.9419333934783936,-2.1473751068115234,-1.1421267986297607,2.6935911178588867,3.7987351417541504
train,lj_noisy,27,90,2.278918981552124,-3.4723048210144043,-2.524886131286621,-1.3767610788345337,3.188771963119507,4.482409477233887
train,lj_noisy,27,100,2.6781961917877197,-4.034743785858154,-2.924560546875,-1.6249803304672241,3.7131192684173584,5.207149505615234
train,lj_noisy,28,0,-0.4900377690792084,0.42880088090896606,0.2735266089439392,0.36835193634033203,-0.4708203077316284,-0.5496075749397278
train,lj_noisy,28,10,-0.22563251852989197,0.055165305733680725,0.004440047778189182,0.20106510818004608,-0.12202799320220947,-0.07113654911518097
train,lj_noisy,28,20,0.036769624799489975,-0.3155357539653778,-0.26224520802497864,0.035246752202510834,0.22391556203365326,0.4038202464580536
train,lj_noisy,28,30,0.306892454624176,-0.6969137787818909,-0.5364218950271606,-0.1352730542421341,0.5798566937446594,0.8928617238998413
train,lj_noisy,28,40,0.5867617726325989,-1.0917824506759644,-0.8201233148574829,-0.3117603361606598,0.9484452605247498,1.3996100425720215
train,lj_noisy,28,50,0.8762800693511963,-1.4999650716781616,-1.1132197380065918,-0.4941379725933075,1.329572081565857,1.9238568544387817
train,lj_noisy,28,60,1.175878882408142,-1.922063946723938,-1.4161548614501953,-0.6826841831207275,1.723800778388977,2.46638560295105
train,lj_noisy,28,70,1.482770323753357,-2.3540451526641846,-1.7259180545806885,-0.8755285739898682,2.127518892288208,3.0222105979919434
train,lj_noisy,28,80,1.7982311248779297,-2.797680377960205,-2.0439460277557373,-1.0736072063446045,2.5423994064331055,3.593604803085327
train,lj_noisy,28,90,2.122237205505371,-3.252915382385254,-2.3702964782714844,-1.276992917060852,2.9684576988220215,4.180535793304443
train,lj_noisy,28,100,2.455357313156128,-3.720536470413208,-2.7055206298828125,-1.4860310554504395,3.4064600467681885,4.784064292907715
train,lj_noisy,29,0,-0.38965553045272827,0.28847992420196533,0.17978888750076294,0.3140298128128052,-0.3575543761253357,-0.3803808093070984
train,lj_noisy,29,10,-0.10291296988725662,-0.11580745875835419,-0.11195941269397736,0.13257436454296112,0.02081969752907753,0.13889028131961823
train,lj_noisy,29,20,0.19091109931468964,-0.5296853184700012,-0.41041550040245056,-0.05319845676422119,0.40858519077301025,0.6711990237236023
train,lj_noisy,29,30,0.4953017830848694,-0.9580135345458984,-0.7191401720046997,-0.2454492300748825,0.81009441614151,1.222598671913147
train,lj_noisy,29,40,0.8099695444107056,-1.4005017280578613,-1.0378761291503906,-0.44396254420280457,1.2248520851135254,1.7924957275390625
train,lj_noisy,29,50,1.1369578838348389,-1.8599417209625244,-1.368707537651062,-0.6500846147537231,1.6556333303451538,2.3846521377563477
train,lj_noisy,29,60,1.4777588844299316,-2.338430643081665,-1.7131518125534058,-0.8647693395614624,2.1044435501098633,3.0018279552459717
train,lj_noisy,29,70,1.8332828283309937,-2.837238073348999,-2.072108030319214,-1.0885827541351318,2.5725061893463135,3.6457035541534424
train,lj_noisy,29,80,2.204937219619751,-3.3583428859710693,-2.447007417678833,-1.3224284648895264,3.061708450317383,4.318881034851074
train,lj_noisy,29,90,2.5941054821014404,-3.903688907623291,-2.8392386436462402,-1.567176342010498,3.5738799571990967,5.023895263671875
train,lj_noisy,29,100,3.002469539642334,-4.475650787353516,-3.2505011558532715,-1.823894739151001,4.111266613006592,5.763859272003174
val,lj_noisy,0,0,-0.4714691638946533,0.40308475494384766,0.25471749901771545,0.3564658463001251,-0.4471893310546875,-0.5154675841331482
val,lj_noisy,0,10,-0.2548098564147949,0.09726476669311523,0.03440713509917259,0.21921202540397644,-0.16033251583576202,-0.1226569265127182
val,lj_noisy,0,50,0.6377830505371094,-1.1585391759872437,-0.8673047423362732,-0.343626469373703,1.0206414461135864,1.497244954109192
val,lj_noisy,0,100,2.1861987113952637,-3.3326520919799805,-2.417344093322754,-1.3113785982131958,3.061868906021118,4.311479568481445
val,lj_noisy,1,0,-0.4200781583786011,0.33336225152015686,0.20391853153705597,0.32367023825645447,-0.39163362979888916,-0.4352450370788574
val,lj_noisy,1,10,-0.18035276234149933,-0.004871399607509375,-0.04029418155550957,0.1716015636920929,-0.07510428130626678,-0.0011352290166541934
val,lj_noisy,1,50,0.8030585050582886,-1.3902989625930786,-1.0398725271224976,-0.45256587862968445,1.2245737314224243,1.783140778541565
val,lj_noisy,1,100,2.250462532043457,-3.423379421234131,-2.5023155212402344,-1.3667954206466675,3.1346848011016846,4.4092817306518555
val,lj_noisy,2,0,-0.2746029496192932,0.12873432040214539,0.06048484891653061,0.2388032078742981,-0.21353276073932648,-0.18108361959457397
val,lj_noisy,2,10,0.015809178352355957,-0.2805260121822357,-0.23519927263259888,0.054923899471759796,0.16944989562034607,0.3452031910419464
val,lj_noisy,2,50,1.3273990154266357,-2.1318719387054443,-1.5635408163070679,-0.7713528275489807,1.9004595279693604,2.7294652462005615
val,lj_noisy,2,100,3.6587815284729004,-5.430986404418945,-3.912081718444824,-2.2309162616729736,4.9736504554748535,6.977391719818115
val,lj_noisy,3,0,-0.5331042408943176,0.49020111560821533,0.31902897357940674,0.3959892988204956,-0.5293735861778259,-0.6267989277839661
val,lj_noisy,3,10,-0.28070956468582153,0.13358533382415771,0.06170995533466339,0.23583564162254333,-0.1960243433713913,-0.16956567764282227
val,lj_noisy,3,50,0.7522381544113159,-1.324390172958374,-0.9865493178367615,-0.4166191816329956,1.1662129163742065,1.702113151550293
val,lj_noisy,3,100,2.2827205657958984,-3.480682373046875,-2.5303802490234375,-1.378335952758789,3.181791067123413,4.478740215301514
val,lj_noisy,4,0,-0.371516615152359,0.2626606822013855,0.15414921939373016,0.29396626353263855,-0.31671392917633057,-0.33605843782424927
val,lj_noisy,4,10,-0.11936686933040619,-0.09301699697971344,-0.10239674896001816,0.13415688276290894,0.016770154237747192,0.12117452919483185
val,lj_noisy,4,50,0.9365438222885132,-1.5812122821807861,-1.1726908683776855,-0.5327528715133667,1.4120728969573975,2.0371506214141846
val,lj_noisy,4,100,2.5620315074920654,-3.863248586654663,-2.810016632080078,-1.5537655353546143,3.5519001483917236,4.982844352722168
val,lj_noisy,5,0,-0.46703431010246277,0.3948577344417572,0.24865487217903137,0.35252541303634644,-0.42829054594039917,-0.4979534149169922
val,lj_noisy,5,10,-0.23675060272216797,0.06966021656990051,0.014664016664028168,0.20680548250675201,-0.12367994338274002,-0.08096162229776382
val,lj_noisy,5,50,0.7673571109771729,-1.348870038986206,-0.9995579719543457,-0.42460039258003235,1.202713966369629,1.740947961807251
val,lj_noisy,5,100,2.41762375831604,-3.686272382736206,-2.6532294750213623,-1.4525737762451172,3.378336191177368,4.746647357940674
val,lj_noisy,6,0,-0.4707876741886139,0.4009041488170624,0.250894159078598,0.35148295760154724,-0.4395070970058441,-0.5089980363845825
val,lj_noisy,6,10,-0.22339922189712524,0.051656339317560196,-0.0012173737632110715,0.19430802762508392,-0.11277511715888977,-0.061220213770866394
val,lj_noisy,6,50,0.770519495010376,-1.3495233058929443,-1.0113089084625244,-0.4362991452217102,1.1995797157287598,1.7388238906860352
val,lj_noisy,6,100,2.1904616355895996,-3.3481500148773193,-2.445033311843872,-1.3315749168395996,3.0723133087158203,4.313089370727539
val,lj_noisy,7,0,-0.38728442788124084,0.2895819842815399,0.17760518193244934,0.31055742502212524,-0.36550071835517883,-0.38643383979797363
val,lj_noisy,7,10,-0.10729812830686569,-0.10480944067239761,-0.10701663047075272,0.13383503258228302,0.0037598321214318275,0.12089104950428009
val,lj_noisy,7,50,1.2038062810897827,-1.956087589263916,-1.4265902042388916,-0.683932363986969,1.7276561260223389,2.5018539428710938
val,lj_noisy,7,100,3.5836009979248047,-5.324253559112549,-3.8072750568389893,-2.156679391860962,4.848555564880371,6.831569194793701
val,lj_noisy,8,0,-0.4912123382091522,0.4303499758243561,0.2776713967323303,0.3723360300064087,-0.47526124119758606,-0.5513083934783936
val,lj_noisy,8,10,-0.22442126274108887,0.05375079810619354,0.006141460966318846,0.20322200655937195,-0.12245093286037445,-0.06780922412872314
val,lj_noisy,8,50,0.987159252166748,-1.6547107696533203,-1.222610592842102,-0.5628985166549683,1.4788591861724854,2.1297082901000977
val,lj_noisy,8,100,2.7805161476135254,-4.181973457336426,-3.032482147216797,-1.6925039291381836,3.847029209136963,5.3878278732299805
val,lj_noisy,9,0,-0.426824688911438,0.3382992446422577,0.21451471745967865,0.33474552631378174,-0.38929733633995056,-0.43548083305358887
val,lj_noisy,9,10,-0.19600391387939453,0.01258272584527731,-0.019985437393188477,0.18872861564159393,-0.08440566062927246,-0.017531001940369606
val,lj_noisy,9,50,0.8501226305961609,-1.4635668992996216,-1.0780340433120728,-0.46995341777801514,1.296380877494812,1.8791899681091309
val,lj_noisy,9,100,2.522017240524292,-3.8208913803100586,-2.760587692260742,-1.5184390544891357,3.5016064643859863,4.916824817657471
val,lj_noisy,10,0,-0.3534710705280304,0.24126803874969482,0.14206944406032562,0.28821825981140137,-0.3141021728515625,-0.32230842113494873
val,lj_noisy,10,10,-0.077194444835186,-0.14859342575073242,-0.13956016302108765,0.1131024956703186,0.05028551071882248,0.17831814289093018
val,lj_noisy,10,50,1.0412991046905518,-1.7264564037322998,-1.2749357223510742,-0.5932511687278748,1.525363802909851,2.209259510040283
val,lj_noisy,10,100,2.807082176208496,-4.213143348693848,-3.0554909706115723,-1.7033957242965698,3.8532042503356934,5.425347805023193
val,lj_noisy,11,0,-0.5082443952560425,0.4545046091079712,0.29414990544319153,0.3809429407119751,-0.49163639545440674,-0.5791066884994507
val,lj_noisy,11,10,-0.2735902667045593,0.12327946722507477,0.05550111085176468,0.2323286235332489,-0.1815665066242218,-0.15437272191047668
val,lj_noisy,11,50,0.7473253011703491,-1.3150560855865479,-0.975688099861145,-0.4097328186035156,1.1649961471557617,1.6943557262420654
val,lj_noisy,11,100,2.7102670669555664,-4.062626838684082,-2.9481329917907715,-1.6415464878082275,3.747257709503174,5.248558044433594
val,lj_noisy,12,0,-0.39887285232543945,0.30386167764663696,0.1862381100654602,0.3156685531139374,-0.3680901527404785,-0.3989615738391876
val,lj_noisy,12,10,-0.10796420276165009,-0.10561628639698029,-0.10948175191879272,0.13154684007167816,0.01646554097533226,0.12833930552005768
val,lj_noisy,12,50,1.2877929210662842,-2.0675251483917236,-1.5177209377288818,-0.7458674907684326,1.859793782234192,2.6618242263793945
val,lj_noisy,12,100,3.6108250617980957,-5.3307905197143555,-3.8460488319396973,-2.1968729496002197,4.919839859008789,6.881777763366699
val,lj_noisy,13,0,-0.4025992751121521,0.3056965172290802,0.18455252051353455,0.31292542815208435,-0.34956586360931396,-0.3880345821380615
val,lj_noisy,13,10,-0.12325900793075562,-0.08870571851730347,-0.09933434426784515,0.13601689040660858,0.020621037110686302,0.11886239051818848
val,lj_noisy,13,50,1.1528706550598145,-1.887249231338501,-1.3892333507537842,-0.6681156754493713,1.708824872970581,2.433565616607666
val,lj_noisy,13,100,3.0923056602478027,-4.615195274353027,-3.341120719909668,-1.884916067123413,4.263251781463623,5.9447855949401855
val,lj_noisy,14,0,-0.4319548010826111,0.3460422456264496,0.21461278200149536,0.3310496509075165,-0.38739266991615295,-0.4383845329284668
val,lj_noisy,14,10,-0.1583128124475479,-0.040039047598838806,-0.06414451450109482,0.1571805626153946,-0.025498919188976288,0.057602062821388245
val,lj_noisy,14,50,1.0082882642745972,-1.684802770614624,-1.2481892108917236,-0.581437885761261,1.5163494348526,2.1743032932281494
val,lj_noisy,14,100,2.685062885284424,-4.044044017791748,-2.938638210296631,-1.636407494544983,3.7288289070129395,5.220098495483398
val,lj_noisy,15,0,-0.4772045910358429,0.41118332743644714,0.2635045051574707,0.3629275858402252,-0.4636252522468567,-0.5325019955635071
val,lj_noisy,15,10,-0.21203771233558655,0.036665406078100204,-0.006369767710566521,0.1952516883611679,-0.11375949531793594,-0.052302416414022446
val,lj_noisy,15,50,0.9786373376846313,-1.6445540189743042,-1.2141250371932983,-0.5550947785377502,1.4555977582931519,2.1057674884796143
val,lj_noisy,15,100,2.961364507675171,-4.445226669311523,-3.213074207305908,-1.7955951690673828,4.061347007751465,5.701949119567871
val,lj_noisy,16,0,-0.3498915135860443,0.23765233159065247,0.1397407054901123,0.28634071350097656,-0.3249305784702301,-0.32396385073661804
val,lj_noisy,16,10,-0.06827149540185928,-0.15902578830718994,-0.14746351540088654,0.107941173017025,0.046411313116550446,0.18625426292419434
val,lj_noisy,16,50,1.1545164585113525,-1.8782989978790283,-1.3884292840957642,-0.6653146743774414,1.661405086517334,2.4078032970428467
val,lj_noisy,16,100,3.202883005142212,-4.7639055252075195,-3.446186065673828,-1.9474396705627441,4.361156940460205,6.138319492340088
val,lj_noisy,17,0,-0.571940541267395,0.5428779125213623,0.3554352819919586,0.4185336232185364,-0.5683384537696838,-0.6873076558113098
val,lj_noisy,17,10,-0.32658490538597107,0.19660323858261108,0.10611876845359802,0.26342421770095825,-0.24467453360557556,-0.2437513768672943
val,lj_noisy,17,50,0.7620065808296204,-1.3372576236724854,-0.9950184226036072,-0.42192989587783813,1.1894583702087402,1.7242755889892578
val,lj_noisy,17,100,2.393110752105713,-3.631828546524048,-2.6343536376953125,-1.4416526556015015,3.3328096866607666,4.672358989715576
val,lj_noisy,18,0,-0.257671058177948,0.1043713167309761,0.04575563222169876,0.23042064905166626,-0.18837930262088776,-0.14920856058597565
val,lj_noisy,18,10,-0.014511875808238983,-0.2383728325366974,-0.20101717114448547,0.07698915898799896,0.1325628012418747,0.2911307215690613
val,lj_noisy,18,50,1.0735224485397339,-1.7702596187591553,-1.2964744567871094,-0.6041871905326843,1.5674705505371094,2.263460874557495
val,lj_noisy,18,100,2.852266311645508,-4.271524429321289,-3.0760903358459473,-1.7109029293060303,3.904780387878418,5.486260414123535
val,lj_noisy,19,0,-0.3978521227836609,0.30209213495254517,0.18782439827919006,0.31770119071006775,-0.377612829208374,-0.40405023097991943
val,lj_noisy,19,10,-0.1456882804632187,-0.05379612371325493,-0.06861206889152527,0.1584348976612091,-0.045533180236816406,0.05179128050804138
val,lj_noisy,19,50,0.9577507972717285,-1.608801007270813,-1.1844863891601562,-0.5342305302619934,1.4044320583343506,2.045743465423584
val,lj_noisy,19,100,2.696293830871582,-4.056403636932373,-2.9284729957580566,-1.6159071922302246,3.6836042404174805,5.190267086029053
