source,rollout_steps,used,total,p_ratio_r2,p_ratio_mae,target_variance,kind,dimension,seed
reid,5,20,20,-1.2222337424315897,0.1949012242542127,0.0215407678341569,ae,2,3456456
reid,10,20,20,-0.1451147914894368,0.1622563593384746,0.0283466184553629,ae,2,3456456
reid,25,20,20,0.7244121373344063,0.0851293828280543,0.0340742914742546,ae,2,3456456
reid,50,20,20,0.9334671016095312,0.0400231067916593,0.03674579830514,ae,2,3456456
reid,75,20,20,0.9561374656967464,0.0335939640300684,0.0381454871288846,ae,2,3456456
reid,100,20,20,0.9514261548717788,0.034925388620684,0.0392619338029476,ae,2,3456456
depablo_low_temp,5,20,20,0.285180386604649,0.1796138010060839,0.0635535199374179,ae,2,3456456
depablo_low_temp,10,20,20,0.4613488292450191,0.183699793315141,0.0890919672458267,ae,2,3456456
depablo_low_temp,25,20,20,0.7913015631417757,0.1237369184687016,0.1113451632350467,ae,2,3456456
depablo_low_temp,50,20,20,0.9498107006674096,0.0632996883495407,0.121923909291221,ae,2,3456456
depablo_low_temp,75,20,20,0.971204793837023,0.0519486993953159,0.1271388104990921,ae,2,3456456
depablo_low_temp,100,20,20,0.9634414352033192,0.0609269352140793,0.1309363081666797,ae,2,3456456
depablo_mixed_temp,5,20,20,0.154991453148234,0.3206456015620446,0.2267994575756468,ae,2,3456456
depablo_mixed_temp,10,20,20,0.4376811045141041,0.2505030218650488,0.1792210970466572,ae,2,3456456
depablo_mixed_temp,25,20,20,0.7699176784956421,0.1558866614229162,0.1814265265332104,ae,2,3456456
depablo_mixed_temp,50,20,20,0.8289775916085638,0.104720598032952,0.1290510646927359,ae,2,3456456
depablo_mixed_temp,75,20,20,0.962585573781988,0.0538362558620293,0.1721180025747532,ae,2,3456456
depablo_mixed_temp,100,20,20,0.9401400736072968,0.0683900393539104,0.1264354805514444,ae,2,3456456
lj_noisy,5,20,20,-9.731596879787851,0.1015903774041082,0.0012192600578043,ae,2,3456456
lj_noisy,10,20,20,-4.630928189403393,0.097876437650692,0.0021538442446725,ae,2,3456456
lj_noisy,25,20,20,-1.2800265285915071,0.0833397218069457,0.0041168599721615,ae,2,3456456
lj_noisy,50,20,20,0.370387083556045,0.0457491623821968,0.0047651600463273,ae,2,3456456
lj_noisy,75,20,20,0.5369487260419492,0.0436734823698621,0.0050961142073924,ae,2,3456456
lj_noisy,100,20,20,0.1602179409764205,0.0589561697336886,0.0053100823581802,ae,2,3456456
reid,5,20,20,-1.1268789886971695,0.1864404765809338,0.0215407678341569,rollout,2,3456456
reid,10,20,20,-0.2226213120327058,0.1604373474219109,0.0283466184553629,rollout,2,3456456
reid,25,20,20,0.5682626195279336,0.1007254299700333,0.0340742914742546,rollout,2,3456456
reid,50,20,20,0.8149739375937056,0.0666884555775206,0.03674579830514,rollout,2,3456456
reid,75,20,20,0.8642720787866707,0.0597888541294453,0.0381454871288846,rollout,2,3456456
reid,100,20,20,0.8647937153269607,0.0628314757645859,0.0392619338029476,rollout,2,3456456
depablo_low_temp,5,20,20,0.5353233203827796,0.1474023479137368,0.0635535199374179,rollout,2,3456456
depablo_low_temp,10,20,20,0.6365673577252378,0.1516440644363909,0.0890919672458267,rollout,2,3456456
depablo_low_temp,25,20,20,0.8327516988106151,0.1108987565915394,0.1113451632350467,rollout,2,3456456
depablo_low_temp,50,20,20,0.933207383188595,0.0768553055091403,0.121923909291221,rollout,2,3456456
depablo_low_temp,75,20,20,0.949718199061262,0.0655347544290732,0.1271388104990921,rollout,2,3456456
depablo_low_temp,100,20,20,0.9423827882086612,0.0700221844527299,0.1309363081666797,rollout,2,3456456
depablo_mixed_temp,5,20,20,0.0441726870002469,0.370230487662655,0.2267994575756468,rollout,2,3456456
depablo_mixed_temp,10,20,20,0.3777019860071529,0.2502832467428338,0.1792210970466572,rollout,2,3456456
depablo_mixed_temp,25,20,20,0.4153085463899182,0.223346726556622,0.1814265265332104,rollout,2,3456456
depablo_mixed_temp,50,20,20,0.55753343887904,0.171970255988203,0.1290510646927359,rollout,2,3456456
depablo_mixed_temp,75,20,20,0.7116710144490451,0.1411570163350505,0.1721180025747532,rollout,2,3456456
depablo_mixed_temp,100,20,20,0.8946244089064336,0.0932359887116255,0.1264354805514444,rollout,2,3456456
lj_noisy,5,20,20,-14.63783479642026,0.1151878994653087,0.0012192600578043,rollout,2,3456456
lj_noisy,10,20,20,-9.950841816401429,0.1368155880941811,0.0021538442446725,rollout,2,3456456
lj_noisy,25,20,20,-7.747484097002404,0.1747555964564436,0.0041168599721615,rollout,2,3456456
lj_noisy,50,20,20,-7.96253855515466,0.1890837688614394,0.0047651600463273,rollout,2,3456456
lj_noisy,75,20,20,-7.67051788078127,0.1869440819588655,0.0050961142073924,rollout,2,3456456
lj_noisy,100,20,20,-8.298981687341747,0.1959044596879599,0.0053100823581802,rollout,2,3456456
reid,5,20,20,-1.270192371212668,0.182590034381256,0.0215407678341569,ae,2,123
reid,10,20,20,-0.2752532784371935,0.1607397019666871,0.0283466184553629,ae,2,123
reid,25,20,20,0.5999503560801009,0.0999297485998884,0.0340742914742546,ae,2,123
reid,50,20,20,0.8722125517377669,0.0605461376011105,0.03674579830514,ae,2,123
reid,75,20,20,0.92469421250389,0.0473685637339117,0.0381454871288846,ae,2,123
reid,100,20,20,0.9239428047676082,0.0451352948862981,0.0392619338029476,ae,2,123
depablo_low_temp,5,20,20,0.2905965852487567,0.155943903208608,0.0635535199374179,ae,2,123
depablo_low_temp,10,20,20,0.6129636754515891,0.1394281269852701,0.0890919672458267,ae,2,123
depablo_low_temp,25,20,20,0.8613521426988587,0.0960981464051129,0.1113451632350467,ae,2,123
depablo_low_temp,50,20,20,0.9451203433840338,0.0615222119344321,0.121923909291221,ae,2,123
depablo_low_temp,75,20,20,0.9698802280313455,0.0479727717992633,0.1271388104990921,ae,2,123
depablo_low_temp,100,20,20,0.978201718687384,0.0438039458619791,0.1309363081666797,ae,2,123
depablo_mixed_temp,5,20,20,0.108261319387923,0.383099062917096,0.2267994575756468,ae,2,123
depablo_mixed_temp,10,20,20,0.4830367014384066,0.2497554422781049,0.1792210970466572,ae,2,123
depablo_mixed_temp,25,20,20,0.8082209642557912,0.156674207288979,0.1814265265332104,ae,2,123
depablo_mixed_temp,50,20,20,0.77736800800558,0.1274630496436576,0.1290510646927359,ae,2,123
depablo_mixed_temp,75,20,20,0.9371634868573724,0.0775678465606864,0.1721180025747532,ae,2,123
depablo_mixed_temp,100,20,20,0.8972666571005027,0.0860407830685571,0.1264354805514444,ae,2,123
lj_noisy,5,20,20,-49.49604115763256,0.2193012059988131,0.0012192600578043,ae,2,123
lj_noisy,10,20,20,-18.46211776320153,0.1811584895878186,0.0021538442446725,ae,2,123
lj_noisy,25,20,20,-3.152158678314363,0.1143114666196902,0.0041168599721615,ae,2,123
lj_noisy,50,20,20,-0.444123988813943,0.0667459504761012,0.0047651600463273,ae,2,123
lj_noisy,75,20,20,0.2179462385372766,0.0487079352705214,0.0050961142073924,ae,2,123
lj_noisy,100,20,20,0.2652435945137339,0.0514691737028938,0.0053100823581802,ae,2,123
reid,5,20,20,-1.3010383148316542,0.1836802915434477,0.0215407678341569,rollout,2,123
reid,10,20,20,-0.39818257931694,0.1684163157873097,0.0283466184553629,rollout,2,123
reid,25,20,20,0.4340469705929407,0.1216082609480772,0.0340742914742546,rollout,2,123
reid,50,20,20,0.7468543243099302,0.0843063440164607,0.03674579830514,rollout,2,123
reid,75,20,20,0.8286757315030067,0.0653247449992313,0.0381454871288846,rollout,2,123
reid,100,20,20,0.8568291437459763,0.0582049985275527,0.0392619338029476,rollout,2,123
depablo_low_temp,5,20,20,0.3526682368451866,0.1452241695447667,0.0635535199374179,rollout,2,123
depablo_low_temp,10,20,20,0.6739836469517275,0.1260060653371897,0.0890919672458267,rollout,2,123
depablo_low_temp,25,20,20,0.8805940592419714,0.094314079996006,0.1113451632350467,rollout,2,123
depablo_low_temp,50,20,20,0.9431328174057748,0.0744532239515868,0.121923909291221,rollout,2,123
depablo_low_temp,75,20,20,0.9625680590675386,0.060273526211503,0.1271388104990921,rollout,2,123
depablo_low_temp,100,20,20,0.965284671376759,0.0495483620579707,0.1309363081666797,rollout,2,123
depablo_mixed_temp,5,20,20,0.1154154794629831,0.3509760665132476,0.2267994575756468,rollout,2,123
depablo_mixed_temp,10,20,20,0.2611587689935509,0.2834554001018765,0.1792210970466572,rollout,2,123
depablo_mixed_temp,25,20,20,0.454179021686699,0.2346772403292922,0.1814265265332104,rollout,2,123
depablo_mixed_temp,50,20,20,0.5794615081394063,0.1721004150189692,0.1290510646927359,rollout,2,123
depablo_mixed_temp,75,20,20,0.6947086339192419,0.1301819874097744,0.1721180025747532,rollout,2,123
depablo_mixed_temp,100,20,20,0.9225579711710908,0.0774693029198334,0.1264354805514444,rollout,2,123
lj_noisy,5,20,20,-63.394789985701095,0.2481240077090219,0.0012192600578043,rollout,2,123
lj_noisy,10,20,20,-31.905559984923457,0.2410581250332214,0.0021538442446725,rollout,2,123
lj_noisy,25,20,20,-13.891282300116066,0.2309046924785488,0.0041168599721615,rollout,2,123
lj_noisy,50,20,20,-10.3165102582759,0.2177472881810536,0.0047651600463273,rollout,2,123
lj_noisy,75,20,20,-8.129491564230577,0.199319969988945,0.0050961142073924,rollout,2,123
lj_noisy,100,20,20,-6.2032598784813215,0.1762918907525729,0.0053100823581802,rollout,2,123
reid,5,20,20,-0.6507173255822574,0.1655692505191968,0.0215407678341569,ae,2,456
reid,10,20,20,-0.4280946851747729,0.174677351401477,0.0283466184553629,ae,2,456
reid,25,20,20,0.101913691148827,0.1505575223105086,0.0340742914742546,ae,2,456
reid,50,20,20,0.7460879042321076,0.0826992599596971,0.03674579830514,ae,2,456
reid,75,20,20,0.8472197624709872,0.0666926317861023,0.0381454871288846,ae,2,456
reid,100,20,20,0.8674392159527706,0.0569237844334278,0.0392619338029476,ae,2,456
depablo_low_temp,5,20,20,0.8995893544626695,0.0648285750612957,0.0635535199374179,ae,2,456
depablo_low_temp,10,20,20,0.8686070067993181,0.0960573518507923,0.0890919672458267,ae,2,456
depablo_low_temp,25,20,20,0.8535562027030731,0.1059629528601747,0.1113451632350467,ae,2,456
depablo_low_temp,50,20,20,0.9571584751261176,0.0596911542538602,0.121923909291221,ae,2,456
depablo_low_temp,75,20,20,0.9650475275057262,0.053443234731513,0.1271388104990921,ae,2,456
depablo_low_temp,100,20,20,0.9580936053364154,0.0544657559496092,0.1309363081666797,ae,2,456
depablo_mixed_temp,5,20,20,0.2328813269161366,0.338788037676143,0.2267994575756468,ae,2,456
depablo_mixed_temp,10,20,20,0.3058421082133012,0.2522439957481744,0.1792210970466572,ae,2,456
depablo_mixed_temp,25,20,20,0.0403684425069701,0.2769611860734558,0.1814265265332104,ae,2,456
depablo_mixed_temp,50,20,20,0.5366873744954603,0.1593025621163689,0.1290510646927359,ae,2,456
depablo_mixed_temp,75,20,20,0.797191267752409,0.1153103716548478,0.1721180025747532,ae,2,456
depablo_mixed_temp,100,20,20,0.8516195752969389,0.1092847668119278,0.1264354805514444,ae,2,456
lj_noisy,5,20,20,-35.17283040028863,0.1993808467986853,0.0012192600578043,ae,2,456
lj_noisy,10,20,20,-19.35582480058537,0.1959513352131759,0.0021538442446725,ae,2,456
lj_noisy,25,20,20,-9.189190568265836,0.1862027826228661,0.0041168599721615,ae,2,456
lj_noisy,50,20,20,-5.584844860779925,0.1567573827495179,0.0047651600463273,ae,2,456
lj_noisy,75,20,20,-2.3138708007635502,0.1066608577185726,0.0050961142073924,ae,2,456
lj_noisy,100,20,20,-1.2626707333236866,0.0869637485242967,0.0053100823581802,ae,2,456
reid,5,20,20,-0.6800361882340802,0.1663422892616387,0.0215407678341569,rollout,2,456
reid,10,20,20,-0.5238116765998242,0.1786907265688197,0.0283466184553629,rollout,2,456
reid,25,20,20,-0.19209712564232,0.1709794664224481,0.0340742914742546,rollout,2,456
reid,50,20,20,0.4123039354122944,0.1295109251905891,0.03674579830514,rollout,2,456
reid,75,20,20,0.6205142885055468,0.1065972100169593,0.0381454871288846,rollout,2,456
reid,100,20,20,0.787200821802928,0.0779041022873208,0.0392619338029476,rollout,2,456
depablo_low_temp,5,20,20,0.8999333727820789,0.0652457696897333,0.0635535199374179,rollout,2,456
depablo_low_temp,10,20,20,0.8741453069849291,0.0937487283816792,0.0890919672458267,rollout,2,456
depablo_low_temp,25,20,20,0.8680727806931594,0.1015564778908379,0.1113451632350467,rollout,2,456
depablo_low_temp,50,20,20,0.9624010719546486,0.0566760640433225,0.121923909291221,rollout,2,456
depablo_low_temp,75,20,20,0.9624655822067688,0.0558635895341731,0.1271388104990921,rollout,2,456
depablo_low_temp,100,20,20,0.945680480234492,0.0684397654574189,0.1309363081666797,rollout,2,456
depablo_mixed_temp,5,20,20,0.272206932651435,0.3343635072953365,0.2267994575756468,rollout,2,456
depablo_mixed_temp,10,20,20,0.3879332257864074,0.2235334900488132,0.1792210970466572,rollout,2,456
depablo_mixed_temp,25,20,20,0.3910094297252294,0.2073500617656342,0.1814265265332104,rollout,2,456
depablo_mixed_temp,50,20,20,0.5777327287391643,0.145696604676471,0.1290510646927359,rollout,2,456
depablo_mixed_temp,75,20,20,0.8392139987810272,0.0996745214455564,0.1721180025747532,rollout,2,456
depablo_mixed_temp,100,20,20,0.8992934878525412,0.0940214315232627,0.1264354805514444,rollout,2,456
lj_noisy,5,20,20,-35.483653215918814,0.1997050628071559,0.0012192600578043,rollout,2,456
lj_noisy,10,20,20,-20.57793761027397,0.2007779739512021,0.0021538442446725,rollout,2,456
lj_noisy,25,20,20,-13.234424582327224,0.2185178193850634,0.0041168599721615,rollout,2,456
lj_noisy,50,20,20,-15.435158474927242,0.2529337818228748,0.0047651600463273,rollout,2,456
lj_noisy,75,20,20,-14.04593479990286,0.2489491552899333,0.0050961142073924,rollout,2,456
lj_noisy,100,20,20,-10.32910060756942,0.2145640637492192,0.0053100823581802,rollout,2,456
reid,5,20,20,0.1676319452913205,0.1152800888871892,0.0215407678341569,ae,2,786
reid,10,20,20,0.4891166631568751,0.1025892453925801,0.0283466184553629,ae,2,786
reid,25,20,20,0.8104232779136902,0.066156304019334,0.0340742914742546,ae,2,786
reid,50,20,20,0.9098321279440093,0.0459584382760013,0.03674579830514,ae,2,786
reid,75,20,20,0.9277663920144624,0.0383298850745772,0.0381454871288846,ae,2,786
reid,100,20,20,0.9030063738932982,0.0455089629305928,0.0392619338029476,ae,2,786
depablo_low_temp,5,20,20,0.3439592122166178,0.1729070382355693,0.0635535199374179,ae,2,786
depablo_low_temp,10,20,20,0.5357466664499211,0.1601526240334948,0.0890919672458267,ae,2,786
depablo_low_temp,25,20,20,0.8018888975338605,0.1076749397913596,0.1113451632350467,ae,2,786
depablo_low_temp,50,20,20,0.9191868730560396,0.0713527501755489,0.121923909291221,ae,2,786
depablo_low_temp,75,20,20,0.9473159125879383,0.0585576296632613,0.1271388104990921,ae,2,786
depablo_low_temp,100,20,20,0.9555438655004532,0.057027359481759,0.1309363081666797,ae,2,786
depablo_mixed_temp,5,20,20,-0.0551846890543175,0.3720142604132671,0.2267994575756468,ae,2,786
depablo_mixed_temp,10,20,20,0.3310568392693238,0.2914886824345689,0.1792210970466572,ae,2,786
depablo_mixed_temp,25,20,20,0.7699750044517343,0.1638313166306236,0.1814265265332104,ae,2,786
depablo_mixed_temp,50,20,20,0.8324868710919864,0.1100262999657646,0.1290510646927359,ae,2,786
depablo_mixed_temp,75,20,20,0.951462920109824,0.066215194085829,0.1721180025747532,ae,2,786
depablo_mixed_temp,100,20,20,0.8969783347807323,0.0801961454230396,0.1264354805514444,ae,2,786
lj_noisy,5,20,20,-14.73161867282868,0.1208784637517772,0.0012192600578043,ae,2,786
lj_noisy,10,20,20,-5.870455046395595,0.1027579935368141,0.0021538442446725,ae,2,786
lj_noisy,25,20,20,-0.7864065023043629,0.0711293414537944,0.0041168599721615,ae,2,786
lj_noisy,50,20,20,0.4070783809664414,0.043671065851199,0.0047651600463273,ae,2,786
lj_noisy,75,20,20,0.5365240366310182,0.0414826410153741,0.0050961142073924,ae,2,786
lj_noisy,100,20,20,0.2859926950507379,0.0550799410645456,0.0053100823581802,ae,2,786
reid,5,20,20,0.037120978095596,0.1231921078567709,0.0215407678341569,rollout,2,786
reid,10,20,20,0.2668244454274479,0.122872842507207,0.0283466184553629,rollout,2,786
reid,25,20,20,0.5799583862174409,0.1022245595420805,0.0340742914742546,rollout,2,786
reid,50,20,20,0.730072486228469,0.0856834744821286,0.03674579830514,rollout,2,786
reid,75,20,20,0.7791451381331059,0.0787666907428918,0.0381454871288846,rollout,2,786
reid,100,20,20,0.798198621004593,0.0752900815414977,0.0392619338029476,rollout,2,786
depablo_low_temp,5,20,20,0.4559181150038492,0.1565164827640962,0.0635535199374179,rollout,2,786
depablo_low_temp,10,20,20,0.5710305540412619,0.1540635560535534,0.0890919672458267,rollout,2,786
depablo_low_temp,25,20,20,0.7768847975870504,0.1209156349108719,0.1113451632350467,rollout,2,786
depablo_low_temp,50,20,20,0.8875414009807823,0.0901214571206933,0.121923909291221,rollout,2,786
depablo_low_temp,75,20,20,0.9208949122071955,0.0774032057827541,0.1271388104990921,rollout,2,786
depablo_low_temp,100,20,20,0.9346165504128316,0.0719389316344634,0.1309363081666797,rollout,2,786
depablo_mixed_temp,5,20,20,-0.1436278624363609,0.4035786942227236,0.2267994575756468,rollout,2,786
depablo_mixed_temp,10,20,20,0.237046813709684,0.2880840677311628,0.1792210970466572,rollout,2,786
depablo_mixed_temp,25,20,20,0.3757960711926424,0.2352995156197401,0.1814265265332104,rollout,2,786
depablo_mixed_temp,50,20,20,0.559968609122405,0.1832845315260011,0.1290510646927359,rollout,2,786
depablo_mixed_temp,75,20,20,0.6859882092750484,0.1417194349533715,0.1721180025747532,rollout,2,786
depablo_mixed_temp,100,20,20,0.8961061339930103,0.0883518276877507,0.1264354805514444,rollout,2,786
lj_noisy,5,20,20,-23.03328452614098,0.149351376225379,0.0012192600578043,rollout,2,786
lj_noisy,10,20,20,-16.45831072230706,0.180978061035022,0.0021538442446725,rollout,2,786
lj_noisy,25,20,20,-12.944912663382496,0.2291981038712491,0.0041168599721615,rollout,2,786
lj_noisy,50,20,20,-13.946488989815412,0.2561562945941814,0.0047651600463273,rollout,2,786
lj_noisy,75,20,20,-13.712622297261497,0.2616620006305459,0.0050961142073924,rollout,2,786
lj_noisy,100,20,20,-12.97586807291409,0.2588283977267637,0.0053100823581802,rollout,2,786
reid,5,20,20,-0.4715622976689455,0.1513530298251517,0.0215407678341569,ae,2,2026
reid,10,20,20,0.6116447341847302,0.0923696951497169,0.0283466184553629,ae,2,2026
reid,25,20,20,0.9440884472204234,0.0315864632718692,0.0340742914742546,ae,2,2026
reid,50,20,20,0.981305947470892,0.0211140937283395,0.03674579830514,ae,2,2026
reid,75,20,20,0.9855051248176931,0.0194933475046624,0.0381454871288846,ae,2,2026
reid,100,20,20,0.9840784999278064,0.0192999652673208,0.0392619338029476,ae,2,2026
depablo_low_temp,5,20,20,0.5247784906936963,0.1518215754482103,0.0635535199374179,ae,2,2026
depablo_low_temp,10,20,20,0.7147110103906169,0.1291688252572829,0.0890919672458267,ae,2,2026
depablo_low_temp,25,20,20,0.8463000920115904,0.1049053858041569,0.1113451632350467,ae,2,2026
depablo_low_temp,50,20,20,0.9379560430820192,0.0795892631659154,0.121923909291221,ae,2,2026
depablo_low_temp,75,20,20,0.9660588998297492,0.0603833497766126,0.1271388104990921,ae,2,2026
depablo_low_temp,100,20,20,0.9771854983475292,0.0459340632097633,0.1309363081666797,ae,2,2026
depablo_mixed_temp,5,20,20,-0.0404061251948237,0.3947682857988198,0.2267994575756468,ae,2,2026
depablo_mixed_temp,10,20,20,0.3079901893952185,0.2846340359244036,0.1792210970466572,ae,2,2026
depablo_mixed_temp,25,20,20,0.4364798622599335,0.2065193752256359,0.1814265265332104,ae,2,2026
depablo_mixed_temp,50,20,20,0.6705657421535671,0.1285198575330449,0.1290510646927359,ae,2,2026
depablo_mixed_temp,75,20,20,0.9503096461235532,0.074964711001027,0.1721180025747532,ae,2,2026
depablo_mixed_temp,100,20,20,0.878784546870062,0.0784940250418837,0.1264354805514444,ae,2,2026
lj_noisy,5,20,20,-39.11910368250662,0.2108474879257504,0.0012192600578043,ae,2,2026
lj_noisy,10,20,20,-13.357956828848389,0.1654449090388614,0.0021538442446725,ae,2,2026
lj_noisy,25,20,20,-2.045676183303747,0.0951531031274181,0.0041168599721615,ae,2,2026
lj_noisy,50,20,20,-0.2541623927179823,0.0615074038053829,0.0047651600463273,ae,2,2026
lj_noisy,75,20,20,0.0181084019345163,0.0538846795419751,0.0050961142073924,ae,2,2026
lj_noisy,100,20,20,-0.1679488537649391,0.0594674740154169,0.0053100823581802,ae,2,2026
reid,5,20,20,0.2571731991866383,0.1143073200120064,0.0215407678341569,rollout,2,2026
reid,10,20,20,0.6122274693154126,0.0917494709056247,0.0283466184553629,rollout,2,2026
reid,25,20,20,0.7226386537135122,0.08210024237424,0.0340742914742546,rollout,2,2026
reid,50,20,20,0.7634560074978347,0.0781155329094796,0.03674579830514,rollout,2,2026
reid,75,20,20,0.7754009255783715,0.0771921407874474,0.0381454871288846,rollout,2,2026
reid,100,20,20,0.7637887064162409,0.0814028566428191,0.0392619338029476,rollout,2,2026
depablo_low_temp,5,20,20,0.6256612303511966,0.1356892253022245,0.0635535199374179,rollout,2,2026
depablo_low_temp,10,20,20,0.7140452360582907,0.1339181816603128,0.0890919672458267,rollout,2,2026
depablo_low_temp,25,20,20,0.8047293939061834,0.1197507079223708,0.1113451632350467,rollout,2,2026
depablo_low_temp,50,20,20,0.8983902152486066,0.0903677226739851,0.121923909291221,rollout,2,2026
depablo_low_temp,75,20,20,0.9346531491793753,0.0737468777887053,0.1271388104990921,rollout,2,2026
depablo_low_temp,100,20,20,0.947631789991193,0.0675329034544072,0.1309363081666797,rollout,2,2026
depablo_mixed_temp,5,20,20,0.1088718909111562,0.3672553163945887,0.2267994575756468,rollout,2,2026
depablo_mixed_temp,10,20,20,0.2912940817432127,0.2736354684855957,0.1792210970466572,rollout,2,2026
depablo_mixed_temp,25,20,20,0.3859632415625654,0.240452032070539,0.1814265265332104,rollout,2,2026
depablo_mixed_temp,50,20,20,0.5949184951159447,0.1773351363980537,0.1290510646927359,rollout,2,2026
depablo_mixed_temp,75,20,20,0.7269646644641303,0.1337992320638958,0.1721180025747532,rollout,2,2026
depablo_mixed_temp,100,20,20,0.9082354220784414,0.088959915416521,0.1264354805514444,rollout,2,2026
lj_noisy,5,20,20,-73.81038856399398,0.2936663599002246,0.0012192600578043,rollout,2,2026
lj_noisy,10,20,20,-43.29125114734667,0.3000525654328422,0.0021538442446725,rollout,2,2026
lj_noisy,25,20,20,-22.896377438684063,0.3025510883717615,0.0041168599721615,rollout,2,2026
lj_noisy,50,20,20,-18.572562673750237,0.2931788977053051,0.0047651600463273,rollout,2,2026
lj_noisy,75,20,20,-16.398760890375982,0.2834028527949109,0.0050961142073924,rollout,2,2026
lj_noisy,100,20,20,-14.93696353963271,0.2745317482786558,0.0053100823581802,rollout,2,2026
reid,5,20,20,-5.231368642488949,0.3410947609721481,0.0215407678341569,ae,4,3456456
reid,10,20,20,-2.032062357491252,0.2651810209413522,0.0283466184553629,ae,4,3456456
reid,25,20,20,0.2633578742652561,0.1323628271940577,0.0340742914742546,ae,4,3456456
reid,50,20,20,0.8468860913235934,0.0596281601622944,0.03674579830514,ae,4,3456456
reid,75,20,20,0.912261188671022,0.0487579779790475,0.0381454871288846,ae,4,3456456
reid,100,20,20,0.8957311661604241,0.0523612078872584,0.0392619338029476,ae,4,3456456
depablo_low_temp,5,20,20,0.2549894751586389,0.1824815767151585,0.0635535199374179,ae,4,3456456
depablo_low_temp,10,20,20,0.6421914633868687,0.1565098794468792,0.0890919672458267,ae,4,3456456
depablo_low_temp,25,20,20,0.8677056391170951,0.103310262200553,0.1113451632350467,ae,4,3456456
depablo_low_temp,50,20,20,0.9534602623529476,0.0655640648647411,0.121923909291221,ae,4,3456456
depablo_low_temp,75,20,20,0.974655656752928,0.0475786901490404,0.1271388104990921,ae,4,3456456
depablo_low_temp,100,20,20,0.9751458431721882,0.0462395661463463,0.1309363081666797,ae,4,3456456
depablo_mixed_temp,5,20,20,0.4569112301839393,0.2997437769089782,0.2267994575756468,ae,4,3456456
depablo_mixed_temp,10,20,20,0.1213045848166475,0.2737653149756217,0.1792210970466572,ae,4,3456456
depablo_mixed_temp,25,20,20,0.7317982630807393,0.1398918691994249,0.1814265265332104,ae,4,3456456
depablo_mixed_temp,50,20,20,0.8498622752430349,0.1046537059801643,0.1290510646927359,ae,4,3456456
depablo_mixed_temp,75,20,20,0.9298213353902276,0.0662019847880318,0.1721180025747532,ae,4,3456456
depablo_mixed_temp,100,20,20,0.8949331125149319,0.0664216044105152,0.1264354805514444,ae,4,3456456
lj_noisy,5,20,20,-10.484608431136625,0.0931358336694766,0.0012192600578043,ae,4,3456456
lj_noisy,10,20,20,-3.0174097692655346,0.0750787084846094,0.0021538442446725,ae,4,3456456
lj_noisy,25,20,20,0.0080149582677097,0.0531553362693549,0.0041168599721615,ae,4,3456456
lj_noisy,50,20,20,0.0640302870983164,0.0527633286026365,0.0047651600463273,ae,4,3456456
lj_noisy,75,20,20,0.0466497883222365,0.0542365704038662,0.0050961142073924,ae,4,3456456
lj_noisy,100,20,20,-0.0398004739007105,0.0581988414661462,0.0053100823581802,ae,4,3456456
reid,5,20,20,-5.36713494344515,0.33881144250207,0.0215407678341569,rollout,4,3456456
reid,10,20,20,-2.5573687334213218,0.2814882484465159,0.0283466184553629,rollout,4,3456456
reid,25,20,20,-0.4605438440591189,0.1831487122984821,0.0340742914742546,rollout,4,3456456
reid,50,20,20,0.2862268196446224,0.1252914500912769,0.03674579830514,rollout,4,3456456
reid,75,20,20,0.5225702957590566,0.1063358628139664,0.0381454871288846,rollout,4,3456456
reid,100,20,20,0.6250716511229494,0.0963840921027008,0.0392619338029476,rollout,4,3456456
depablo_low_temp,5,20,20,0.1729477461618341,0.1851846722583115,0.0635535199374179,rollout,4,3456456
depablo_low_temp,10,20,20,0.5976827037945726,0.1651566002166811,0.0890919672458267,rollout,4,3456456
depablo_low_temp,25,20,20,0.7937414862426052,0.1299769506758002,0.1113451632350467,rollout,4,3456456
depablo_low_temp,50,20,20,0.8673935910904516,0.1035109172308664,0.121923909291221,rollout,4,3456456
depablo_low_temp,75,20,20,0.8987358220232149,0.0912612108007945,0.1271388104990921,rollout,4,3456456
depablo_low_temp,100,20,20,0.9103977811744096,0.0888405521551585,0.1309363081666797,rollout,4,3456456
depablo_mixed_temp,5,20,20,0.0196479144765312,0.3828639684521289,0.2267994575756468,rollout,4,3456456
depablo_mixed_temp,10,20,20,0.3577384809276888,0.2172676777506607,0.1792210970466572,rollout,4,3456456
depablo_mixed_temp,25,20,20,0.307650503427987,0.2506071137377365,0.1814265265332104,rollout,4,3456456
depablo_mixed_temp,50,20,20,0.5144578476722548,0.1892570607580429,0.1290510646927359,rollout,4,3456456
depablo_mixed_temp,75,20,20,0.6777221944061165,0.1658130598283387,0.1721180025747532,rollout,4,3456456
depablo_mixed_temp,100,20,20,0.8774541428640223,0.0969859818528648,0.1264354805514444,rollout,4,3456456
lj_noisy,5,20,20,-22.14581168630616,0.1378750791438851,0.0012192600578043,rollout,4,3456456
lj_noisy,10,20,20,-14.51721611843152,0.156084110495361,0.0021538442446725,rollout,4,3456456
lj_noisy,25,20,20,-9.956698381026058,0.1893675355342265,0.0041168599721615,rollout,4,3456456
lj_noisy,50,20,20,-9.358621604479884,0.1990737658538761,0.0047651600463273,rollout,4,3456456
lj_noisy,75,20,20,-8.141126318541245,0.1907054468448558,0.0050961142073924,rollout,4,3456456
lj_noisy,100,20,20,-7.357035379433116,0.1849039293134535,0.0053100823581802,rollout,4,3456456
reid,5,20,20,-4.580466787334301,0.3119517185727291,0.0215407678341569,ae,4,123
reid,10,20,20,-1.648234938125504,0.2458088140799471,0.0283466184553629,ae,4,123
reid,25,20,20,0.4350679127703938,0.1184215339890391,0.0340742914742546,ae,4,123
reid,50,20,20,0.8972559516609987,0.0529914204239772,0.03674579830514,ae,4,123
reid,75,20,20,0.9497863905277342,0.0372637847359282,0.0381454871288846,ae,4,123
reid,100,20,20,0.9459512997781938,0.0397567577152303,0.0392619338029476,ae,4,123
depablo_low_temp,5,20,20,0.4493780805044286,0.14802688303899,0.0635535199374179,ae,4,123
depablo_low_temp,10,20,20,0.5864913542266068,0.145909536232017,0.0890919672458267,ae,4,123
depablo_low_temp,25,20,20,0.8167061344244677,0.1020495799367417,0.1113451632350467,ae,4,123
depablo_low_temp,50,20,20,0.9248682296382986,0.0656589400187464,0.121923909291221,ae,4,123
depablo_low_temp,75,20,20,0.9535287553147858,0.0521298001392244,0.1271388104990921,ae,4,123
depablo_low_temp,100,20,20,0.9611129632472134,0.0512583223417481,0.1309363081666797,ae,4,123
depablo_mixed_temp,5,20,20,0.0605516343524472,0.3491547212242271,0.2267994575756468,ae,4,123
depablo_mixed_temp,10,20,20,0.4384266671946288,0.2625909169125621,0.1792210970466572,ae,4,123
depablo_mixed_temp,25,20,20,0.0016081347493352,0.2218011133346284,0.1814265265332104,ae,4,123
depablo_mixed_temp,50,20,20,0.7798150368211506,0.1240515063248598,0.1290510646927359,ae,4,123
depablo_mixed_temp,75,20,20,0.9546816264354548,0.065681158586844,0.1721180025747532,ae,4,123
depablo_mixed_temp,100,20,20,0.9416252044050142,0.0594934123178279,0.1264354805514444,ae,4,123
lj_noisy,5,20,20,-20.470067818759723,0.1402085769259456,0.0012192600578043,ae,4,123
lj_noisy,10,20,20,-6.559451408643879,0.1090060446132891,0.0021538442446725,ae,4,123
lj_noisy,25,20,20,-0.3851266254804795,0.0672757232849895,0.0041168599721615,ae,4,123
lj_noisy,50,20,20,0.4799257609523611,0.0414311729062357,0.0047651600463273,ae,4,123
lj_noisy,75,20,20,0.5264294183901755,0.0376816897125932,0.0050961142073924,ae,4,123
lj_noisy,100,20,20,0.1874460976626192,0.0526829251896444,0.0053100823581802,ae,4,123
reid,5,20,20,-4.32553840282204,0.304649084348123,0.0215407678341569,rollout,4,123
reid,10,20,20,-1.696846102669852,0.2446141243966345,0.0283466184553629,rollout,4,123
reid,25,20,20,0.156831266714559,0.1414490953235492,0.0340742914742546,rollout,4,123
reid,50,20,20,0.6536485672353112,0.0940095002189125,0.03674579830514,rollout,4,123
reid,75,20,20,0.7657181201139336,0.0782298736666537,0.0381454871288846,rollout,4,123
reid,100,20,20,0.7957386505175202,0.0736576306751811,0.0392619338029476,rollout,4,123
depablo_low_temp,5,20,20,0.5432541838742557,0.1407001751283478,0.0635535199374179,rollout,4,123
depablo_low_temp,10,20,20,0.6284736832049715,0.1438603340385941,0.0890919672458267,rollout,4,123
depablo_low_temp,25,20,20,0.7802167089191705,0.1250806183037171,0.1113451632350467,rollout,4,123
depablo_low_temp,50,20,20,0.8778555915681536,0.0996892578661947,0.121923909291221,rollout,4,123
depablo_low_temp,75,20,20,0.9191081774394556,0.0827454380484503,0.1271388104990921,rollout,4,123
depablo_low_temp,100,20,20,0.9366581178953666,0.0726406303999319,0.1309363081666797,rollout,4,123
depablo_mixed_temp,5,20,20,0.0806242209073645,0.3369103205490842,0.2267994575756468,rollout,4,123
depablo_mixed_temp,10,20,20,0.1841082170497329,0.2970539003396005,0.1792210970466572,rollout,4,123
depablo_mixed_temp,25,20,20,0.3812138414344631,0.2489137200430352,0.1814265265332104,rollout,4,123
depablo_mixed_temp,50,20,20,0.5696373802460001,0.1943879369022818,0.1290510646927359,rollout,4,123
depablo_mixed_temp,75,20,20,0.6572225585009551,0.1602372300567269,0.1721180025747532,rollout,4,123
depablo_mixed_temp,100,20,20,0.8916809673025333,0.0993281897306941,0.1264354805514444,rollout,4,123
lj_noisy,5,20,20,-34.80572362681726,0.1834257114414685,0.0012192600578043,rollout,4,123
lj_noisy,10,20,20,-20.160842178977465,0.1851074369813118,0.0021538442446725,rollout,4,123
lj_noisy,25,20,20,-11.537019483468764,0.2054313943508218,0.0041168599721615,rollout,4,123
lj_noisy,50,20,20,-10.507944414930336,0.2175605887804984,0.0047651600463273,rollout,4,123
lj_noisy,75,20,20,-9.276510497925734,0.2121227213361952,0.0050961142073924,rollout,4,123
lj_noisy,100,20,20,-8.331061790594799,0.2047502268890756,0.0053100823581802,rollout,4,123
reid,5,20,20,-3.1599834294997224,0.2543395314266494,0.0215407678341569,ae,4,456
reid,10,20,20,-1.131319391569494,0.2049382410133452,0.0283466184553629,ae,4,456
reid,25,20,20,0.2724792677494697,0.1246767077342538,0.0340742914742546,ae,4,456
reid,50,20,20,0.8775497645324827,0.0554050054697061,0.03674579830514,ae,4,456
reid,75,20,20,0.9368527634384158,0.0425366359069436,0.0381454871288846,ae,4,456
reid,100,20,20,0.9299034795656884,0.0434390819952312,0.0392619338029476,ae,4,456
depablo_low_temp,5,20,20,0.1129746328579864,0.1652148293221866,0.0635535199374179,ae,4,456
depablo_low_temp,10,20,20,0.4599000763773578,0.1659628229819696,0.0890919672458267,ae,4,456
depablo_low_temp,25,20,20,0.7597543931437414,0.1241457906901144,0.1113451632350467,ae,4,456
depablo_low_temp,50,20,20,0.9132995618314744,0.0739146720449177,0.121923909291221,ae,4,456
depablo_low_temp,75,20,20,0.953577847060368,0.0519141503256599,0.1271388104990921,ae,4,456
depablo_low_temp,100,20,20,0.9676492122959464,0.0499496538168446,0.1309363081666797,ae,4,456
depablo_mixed_temp,5,20,20,-0.3146288140288451,0.4425400860824698,0.2267994575756468,ae,4,456
depablo_mixed_temp,10,20,20,0.1082744418883836,0.2897903937133817,0.1792210970466572,ae,4,456
depablo_mixed_temp,25,20,20,0.4568631041698499,0.2159021843210766,0.1814265265332104,ae,4,456
depablo_mixed_temp,50,20,20,0.5686209651353331,0.137573344889663,0.1290510646927359,ae,4,456
depablo_mixed_temp,75,20,20,0.9143064068252332,0.083023595788279,0.1721180025747532,ae,4,456
depablo_mixed_temp,100,20,20,0.9199013847270748,0.0801415684647338,0.1264354805514444,ae,4,456
lj_noisy,5,20,20,-32.83266362634588,0.1543352723646413,0.0012192600578043,ae,4,456
lj_noisy,10,20,20,-11.779232288584645,0.1289440974077738,0.0021538442446725,ae,4,456
lj_noisy,25,20,20,-1.9946431884506328,0.0901969182623873,0.0041168599721615,ae,4,456
lj_noisy,50,20,20,-0.4093532654672323,0.0668529869172335,0.0047651600463273,ae,4,456
lj_noisy,75,20,20,-1.2152056356714578,0.0818822267851631,0.0050961142073924,ae,4,456
lj_noisy,100,20,20,-3.467735139410244,0.1118606478315412,0.0053100823581802,ae,4,456
reid,5,20,20,-6.137372039285971,0.2887293058709108,0.0215407678341569,rollout,4,456
reid,10,20,20,-1.48894712273901,0.221355497174438,0.0283466184553629,rollout,4,456
reid,25,20,20,-0.2156458218218357,0.1634899396345589,0.0340742914742546,rollout,4,456
reid,50,20,20,0.5019917143902752,0.1138919493193559,0.03674579830514,rollout,4,456
reid,75,20,20,0.6192787752910047,0.0977886675437593,0.0381454871288846,rollout,4,456
reid,100,20,20,0.5997770230676918,0.1011755205931517,0.0392619338029476,rollout,4,456
depablo_low_temp,5,20,20,0.0992767539384091,0.1681320186499582,0.0635535199374179,rollout,4,456
depablo_low_temp,10,20,20,0.4289644916863817,0.1764640730653679,0.0890919672458267,rollout,4,456
depablo_low_temp,25,20,20,0.680290636997003,0.1576739873689157,0.1113451632350467,rollout,4,456
depablo_low_temp,50,20,20,0.8222049783366384,0.1279327411771882,0.121923909291221,rollout,4,456
depablo_low_temp,75,20,20,0.8562770458815456,0.1175487262629222,0.1271388104990921,rollout,4,456
depablo_low_temp,100,20,20,0.8687580058457541,0.1136432931816041,0.1309363081666797,rollout,4,456
depablo_mixed_temp,5,20,20,0.0412200388275268,0.3637045931596424,0.2267994575756468,rollout,4,456
depablo_mixed_temp,10,20,20,0.075838352662387,0.264572838626382,0.1792210970466572,rollout,4,456
depablo_mixed_temp,25,20,20,0.1859914904278022,0.271368461694198,0.1814265265332104,rollout,4,456
depablo_mixed_temp,50,20,20,0.3961203872516394,0.2111323770426512,0.1290510646927359,rollout,4,456
depablo_mixed_temp,75,20,20,0.6498025254495017,0.1842592807179157,0.1721180025747532,rollout,4,456
depablo_mixed_temp,100,20,20,0.805237974881324,0.1376426183261649,0.1264354805514444,rollout,4,456
lj_noisy,5,20,20,-22.80663970672883,0.1305318313487841,0.0012192600578043,rollout,4,456
lj_noisy,10,20,20,-7.072637485449187,0.1047091320419031,0.0021538442446725,rollout,4,456
lj_noisy,25,20,20,-2.8677995356336963,0.0996433085794383,0.0041168599721615,rollout,4,456
lj_noisy,50,20,20,-3.886253398477586,0.11947459803591,0.0047651600463273,rollout,4,456
lj_noisy,75,20,20,-4.407677393398315,0.1288902201273906,0.0050961142073924,rollout,4,456
lj_noisy,100,20,20,-4.409957246189986,0.1287864423244969,0.0053100823581802,rollout,4,456
reid,5,20,20,-1.1949609484921964,0.191648703194911,0.0215407678341569,ae,4,786
reid,10,20,20,-0.1073515980810269,0.1524564441857795,0.0283466184553629,ae,4,786
reid,25,20,20,0.7538091766935555,0.0667349941623794,0.0340742914742546,ae,4,786
reid,50,20,20,0.9360247982324216,0.0385806250592076,0.03674579830514,ae,4,786
reid,75,20,20,0.9579903200999874,0.0324260338072275,0.0381454871288846,ae,4,786
reid,100,20,20,0.9619097735776913,0.029751058271172,0.0392619338029476,ae,4,786
depablo_low_temp,5,20,20,0.1692382109210732,0.1962052040390102,0.0635535199374179,ae,4,786
depablo_low_temp,10,20,20,0.4831145813332779,0.1809244295683098,0.0890919672458267,ae,4,786
depablo_low_temp,25,20,20,0.8474192648370239,0.1026048633589741,0.1113451632350467,ae,4,786
depablo_low_temp,50,20,20,0.9688379942067477,0.0462168070131622,0.121923909291221,ae,4,786
depablo_low_temp,75,20,20,0.985500811650675,0.0341700940384574,0.1271388104990921,ae,4,786
depablo_low_temp,100,20,20,0.9856974919450364,0.037750839275616,0.1309363081666797,ae,4,786
depablo_mixed_temp,5,20,20,0.0340182558772347,0.3742557652170427,0.2267994575756468,ae,4,786
depablo_mixed_temp,10,20,20,0.14711212932748,0.2812197793196466,0.1792210970466572,ae,4,786
depablo_mixed_temp,25,20,20,0.7979405627552993,0.1444340957517128,0.1814265265332104,ae,4,786
depablo_mixed_temp,50,20,20,0.8029336441225401,0.1114620918242591,0.1290510646927359,ae,4,786
depablo_mixed_temp,75,20,20,0.9826120897005144,0.0453886210967994,0.1721180025747532,ae,4,786
depablo_mixed_temp,100,20,20,0.9621472631085812,0.0478944838514074,0.1264354805514444,ae,4,786
lj_noisy,5,20,20,-7.189700507877177,0.0899748986575393,0.0012192600578043,ae,4,786
lj_noisy,10,20,20,-3.349690514341879,0.083722075080474,0.0021538442446725,ae,4,786
lj_noisy,25,20,20,-0.645377436120852,0.0662391897082693,0.0041168599721615,ae,4,786
lj_noisy,50,20,20,0.5168213679295026,0.0391070654167904,0.0047651600463273,ae,4,786
lj_noisy,75,20,20,0.5638768599899001,0.0417622381003609,0.0050961142073924,ae,4,786
lj_noisy,100,20,20,0.1597629883140364,0.055573001410168,0.0053100823581802,ae,4,786
reid,5,20,20,-1.347554797950504,0.1942724575118501,0.0215407678341569,rollout,4,786
reid,10,20,20,-0.4314631697226205,0.1696175100048534,0.0283466184553629,rollout,4,786
reid,25,20,20,0.3923333236460259,0.1174936493512672,0.0340742914742546,rollout,4,786
reid,50,20,20,0.6814514603374519,0.0910255728668556,0.03674579830514,rollout,4,786
reid,75,20,20,0.7565114065911942,0.0817054565387248,0.0381454871288846,rollout,4,786
reid,100,20,20,0.7537427236412213,0.0832540177533797,0.0392619338029476,rollout,4,786
depablo_low_temp,5,20,20,0.4110375482609745,0.1681632894889565,0.0635535199374179,rollout,4,786
depablo_low_temp,10,20,20,0.6420981660189301,0.1539301521238261,0.0890919672458267,rollout,4,786
depablo_low_temp,25,20,20,0.8720174935179108,0.0958618726517644,0.1113451632350467,rollout,4,786
depablo_low_temp,50,20,20,0.9421999256059396,0.069781709630311,0.121923909291221,rollout,4,786
depablo_low_temp,75,20,20,0.9579666167682244,0.0583168577209007,0.1271388104990921,rollout,4,786
depablo_low_temp,100,20,20,0.9624141845124108,0.0551974946324626,0.1309363081666797,rollout,4,786
depablo_mixed_temp,5,20,20,-0.0340032696794274,0.385127759412088,0.2267994575756468,rollout,4,786
depablo_mixed_temp,10,20,20,0.3476979379420361,0.2545453691667678,0.1792210970466572,rollout,4,786
depablo_mixed_temp,25,20,20,0.3443961345247293,0.2289515272029128,0.1814265265332104,rollout,4,786
depablo_mixed_temp,50,20,20,0.4831695516370198,0.1705541866555028,0.1290510646927359,rollout,4,786
depablo_mixed_temp,75,20,20,0.7349437247204778,0.1336855221683451,0.1721180025747532,rollout,4,786
depablo_mixed_temp,100,20,20,0.90604405612409,0.0914093014767951,0.1264354805514444,rollout,4,786
lj_noisy,5,20,20,-10.497983958671185,0.0995481317947245,0.0012192600578043,rollout,4,786
lj_noisy,10,20,20,-9.2275825372802,0.1371035955865759,0.0021538442446725,rollout,4,786
lj_noisy,25,20,20,-9.859121549111352,0.2003004542823815,0.0041168599721615,rollout,4,786
lj_noisy,50,20,20,-11.215146746598723,0.2274514914637022,0.0047651600463273,rollout,4,786
lj_noisy,75,20,20,-10.982329075283609,0.2301277701933696,0.0050961142073924,rollout,4,786
lj_noisy,100,20,20,-11.440932445916744,0.2384917024356255,0.0053100823581802,rollout,4,786
reid,5,20,20,-2.6869933205355303,0.2274295396298698,0.0215407678341569,ae,4,2026
reid,10,20,20,-0.4768454963301698,0.1762742502839082,0.0283466184553629,ae,4,2026
reid,25,20,20,0.4509851154692752,0.1205053367029835,0.0340742914742546,ae,4,2026
reid,50,20,20,0.8360623973139257,0.0674706536053269,0.03674579830514,ae,4,2026
reid,75,20,20,0.945624937503674,0.037563973955742,0.0381454871288846,ae,4,2026
reid,100,20,20,0.954472920700009,0.0319055131974147,0.0392619338029476,ae,4,2026
depablo_low_temp,5,20,20,0.4098172097814917,0.1594840731235004,0.0635535199374179,ae,4,2026
depablo_low_temp,10,20,20,0.7176194727173697,0.1256578901934113,0.0890919672458267,ae,4,2026
depablo_low_temp,25,20,20,0.8814890824097508,0.082477696165444,0.1113451632350467,ae,4,2026
depablo_low_temp,50,20,20,0.9436770285449996,0.0671962862074088,0.121923909291221,ae,4,2026
depablo_low_temp,75,20,20,0.9597551781139022,0.0565722011322153,0.1271388104990921,ae,4,2026
depablo_low_temp,100,20,20,0.966171203606004,0.0527352675006083,0.1309363081666797,ae,4,2026
depablo_mixed_temp,5,20,20,0.0273279143260541,0.3557321744717082,0.2267994575756468,ae,4,2026
depablo_mixed_temp,10,20,20,0.3833861547955143,0.2719020822814913,0.1792210970466572,ae,4,2026
depablo_mixed_temp,25,20,20,0.7267362912438129,0.1405152916408426,0.1814265265332104,ae,4,2026
depablo_mixed_temp,50,20,20,0.7797436131668967,0.1143052239954301,0.1290510646927359,ae,4,2026
depablo_mixed_temp,75,20,20,0.9440813408139194,0.0683447244638815,0.1721180025747532,ae,4,2026
depablo_mixed_temp,100,20,20,0.9411582207017352,0.05994777386349,0.1264354805514444,ae,4,2026
lj_noisy,5,20,20,-9.903085218534509,0.095988794197965,0.0012192600578043,ae,4,2026
lj_noisy,10,20,20,-3.755287749640417,0.0883221956580727,0.0021538442446725,ae,4,2026
lj_noisy,25,20,20,-0.3901506979282763,0.0681704149102963,0.0041168599721615,ae,4,2026
lj_noisy,50,20,20,0.4311760021696922,0.0447827779090417,0.0047651600463273,ae,4,2026
lj_noisy,75,20,20,0.4201162528221577,0.0440997185142153,0.0050961142073924,ae,4,2026
lj_noisy,100,20,20,-0.0443825508983222,0.0632586515692316,0.0053100823581802,ae,4,2026
reid,5,20,20,-3.262893786610481,0.2448005413621825,0.0215407678341569,rollout,4,2026
reid,10,20,20,-0.7693687063191683,0.1962897614495699,0.0283466184553629,rollout,4,2026
reid,25,20,20,0.1040318797548,0.1528219909064891,0.0340742914742546,rollout,4,2026
reid,50,20,20,0.4859412223140721,0.1138656558219634,0.03674579830514,rollout,4,2026
reid,75,20,20,0.6573935981949488,0.0929972718754991,0.0381454871288846,rollout,4,2026
reid,100,20,20,0.7169479181520402,0.0833564256428494,0.0392619338029476,rollout,4,2026
depablo_low_temp,5,20,20,0.3455557825120879,0.163977771184603,0.0635535199374179,rollout,4,2026
depablo_low_temp,10,20,20,0.7203472437173803,0.1250740493012974,0.0890919672458267,rollout,4,2026
depablo_low_temp,25,20,20,0.8474469359821288,0.0997662413338948,0.1113451632350467,rollout,4,2026
depablo_low_temp,50,20,20,0.902679104142258,0.0886062448006414,0.121923909291221,rollout,4,2026
depablo_low_temp,75,20,20,0.9259408747767508,0.0791984446696184,0.1271388104990921,rollout,4,2026
depablo_low_temp,100,20,20,0.9378201041367908,0.0743637615384823,0.1309363081666797,rollout,4,2026
depablo_mixed_temp,5,20,20,0.0962180999567505,0.3344621856846063,0.2267994575756468,rollout,4,2026
depablo_mixed_temp,10,20,20,0.1417870205026449,0.2886217850998067,0.1792210970466572,rollout,4,2026
depablo_mixed_temp,25,20,20,0.3848895694949714,0.2380861816731788,0.1814265265332104,rollout,4,2026
depablo_mixed_temp,50,20,20,0.5671145452087221,0.1834253335670108,0.1290510646927359,rollout,4,2026
depablo_mixed_temp,75,20,20,0.6710074447912,0.1463315915583078,0.1721180025747532,rollout,4,2026
depablo_mixed_temp,100,20,20,0.9033992677527208,0.0899836088696093,0.1264354805514444,rollout,4,2026
lj_noisy,5,20,20,-16.847174482942886,0.1283131673475007,0.0012192600578043,rollout,4,2026
lj_noisy,10,20,20,-12.298681873529834,0.1476931991910556,0.0021538442446725,rollout,4,2026
lj_noisy,25,20,20,-9.819652158602498,0.1852574781867038,0.0041168599721615,rollout,4,2026
lj_noisy,50,20,20,-10.320376534688611,0.2111851904877687,0.0047651600463273,rollout,4,2026
lj_noisy,75,20,20,-10.000866818079697,0.2172984574961053,0.0050961142073924,rollout,4,2026
lj_noisy,100,20,20,-9.558270657799676,0.2186566246855777,0.0053100823581802,rollout,4,2026
