kind,dimension,source,rollout_steps,seeds,r2_mean,r2_std,mae_mean,valid_min,total_min
ae,2,depablo_low_temp,5,5,0.4688208058452778,0.25969737143506527,0.14502297859195343,20,20
ae,2,depablo_low_temp,10,5,0.638675437667293,0.15917764252398997,0.14170134428839623,20,20
ae,2,depablo_low_temp,25,5,0.8308797796178317,0.03196669193643673,0.10767566866590114,20,20
ae,2,depablo_low_temp,50,5,0.941846487063124,0.014467182459847489,0.06709101357585946,20,20
ae,2,depablo_low_temp,75,5,0.9639014723583564,0.009619417246009454,0.05446113707319322,20,20
ae,2,depablo_low_temp,100,5,0.9664932246150203,0.010620370034421022,0.052431611943437983,20,20
ae,2,depablo_mixed_temp,5,5,0.08010865704063048,0.1250675781786094,0.3618630496734741,20,20
ae,2,depablo_mixed_temp,10,5,0.3731213885660708,0.08183418281022986,0.2657250356500601,20,20
ae,2,depablo_mixed_temp,25,5,0.5649923903940143,0.32974161911120126,0.1919745493283221,20,20
ae,2,depablo_mixed_temp,50,5,0.7292171174710316,0.12593945790459957,0.1260064734583576,20,20
ae,2,depablo_mixed_temp,75,5,0.9197425789250293,0.06909840764016893,0.07757887583288389,20,20
ae,2,depablo_mixed_temp,100,5,0.8929578375311065,0.03229019904734437,0.08448115193986372,20,20
ae,2,lj_noisy,5,5,-29.650238158608868,16.832496946453247,0.17039967637582681,20,20
ae,2,lj_noisy,10,5,-12.335456525686855,6.874282808341987,0.1486378330054724,20,20
ae,2,lj_noisy,25,5,-3.2906916921559635,3.415983120448554,0.11002728312614289,20,20
ae,2,lj_noisy,50,5,-1.1011331555578727,2.5344015579058943,0.07488619305287955,20,20
ae,2,lj_noisy,75,5,-0.20086867952375798,1.2016922863146107,0.058881919183261064,20,20
ae,2,lj_noisy,100,5,-0.14383307130954667,0.6513294502256753,0.06238730140816832,20,20
ae,2,reid,5,5,-0.689414758320828,0.5925970265598398,0.16193872557340128,20,20
ae,2,reid,10,5,0.05045972844804042,0.46922840907512975,0.13852647064978713,20,20
ae,2,reid,25,5,0.6361575819394896,0.32392372373198053,0.0866718842059309,20,20
ae,2,reid,50,5,0.8885811265988615,0.0889332571089473,0.05006820727136154,20,20
ae,2,reid,75,5,0.9282645915007558,0.051562185494136006,0.0410956784258644,20,20
ae,2,reid,100,5,0.9259786098826523,0.04467074976908126,0.040358679227664694,20,20
ae,4,depablo_low_temp,5,5,0.27927952184472377,0.14690985348904004,0.17028251324776914,20,20
ae,4,depablo_low_temp,10,5,0.5778633896082962,0.10797799029601267,0.1549929116845174,20,20
ae,4,depablo_low_temp,25,5,0.8346149027864158,0.048427670607807255,0.10291763847036543,20,20
ae,4,depablo_low_temp,50,5,0.9408286153148936,0.02216291929873789,0.06371015402979524,20,20
ae,4,depablo_low_temp,75,5,0.9654036497785319,0.01416212827375854,0.04847298715691948,20,20
ae,4,depablo_low_temp,100,5,0.9711553428532778,0.009557486289235865,0.04758672981623266,20,20
ae,4,depablo_mixed_temp,5,5,0.05283604414216604,0.2735742504967927,0.36428530478088517,20,20
ae,4,depablo_mixed_temp,10,5,0.23970079560453086,0.15811440856868475,0.27585369744054067,20,20
ae,4,depablo_mixed_temp,25,5,0.5429892711998073,0.3297435425477034,0.17250891084953707,20,20
ae,4,depablo_mixed_temp,50,5,0.7561951068977911,0.10869052532619704,0.11840917460287526,20,20
ae,4,depablo_mixed_temp,75,5,0.94510055983307,0.025892494456354113,0.06572801694476713,20,20
ae,4,depablo_mixed_temp,100,5,0.9319530370914675,0.025523002620073384,0.06277976858159487,20,20
ae,4,lj_noisy,5,5,-16.176025120530785,10.587474179401463,0.11472867516311355,20,20
ae,4,lj_noisy,10,5,-5.692214346095271,3.6809499324719694,0.0970146242488438,20,20
ae,4,lj_noisy,25,5,-0.6814565979425062,0.7703574388219883,0.06900751648705945,20,20
ae,4,lj_noisy,50,5,0.21652003053652802,0.3938943902615737,0.04898746635038756,20,20
ae,4,lj_noisy,75,5,0.06837333677060242,0.7461750943103885,0.05193248870323974,20,20
ae,4,lj_noisy,100,5,-0.6409418156465242,1.5839325334740593,0.06831481349334628,20,20
ae,4,reid,5,5,-3.37075462567014,1.5946253618673898,0.26529285075926146,20,20
ae,4,reid,10,5,-1.0791627563194894,0.7971486877579972,0.20893175410086645,20,20
ae,4,reid,25,5,0.43513986938959004,0.198600559914551,0.1125402799565427,20,20
ae,4,reid,50,5,0.8787558006126843,0.04019282664732691,0.054815172944102444,20,20
ae,4,reid,75,5,0.9405031200481666,0.017529589853918823,0.03970968127697776,20,20
ae,4,reid,100,5,0.9375937279564013,0.02625661930600456,0.03944272381326132,20,20
rollout,2,depablo_low_temp,5,5,0.5739008550730181,0.2081636156714196,0.1300155990429115,20,20
rollout,2,depablo_low_temp,10,5,0.6939544203522894,0.11366043744111054,0.1318761191738252,20,20
rollout,2,depablo_low_temp,25,5,0.8326065460477959,0.04313561508444879,0.10948713146232521,20,20
rollout,2,depablo_low_temp,50,5,0.9249345777556816,0.031249825095031224,0.0776947546597456,20,20
rollout,2,depablo_low_temp,75,5,0.9460599803444281,0.01815516077699276,0.06656439074924174,20,20
rollout,2,depablo_low_temp,100,5,0.9471192560447873,0.011303393923326027,0.06549642941139802,20,20
rollout,2,depablo_mixed_temp,5,5,0.07940782551789205,0.150268602085735,0.36528081441771026,20,20
rollout,2,depablo_mixed_temp,10,5,0.3110269752480016,0.06839118695773659,0.2637983346220564,20,20
rollout,2,depablo_mixed_temp,25,5,0.40445126211141086,0.03136216041101834,0.2282251152683655,20,20
rollout,2,depablo_mixed_temp,50,5,0.5739229559991921,0.015405702346312002,0.1700773887215396,20,20
rollout,2,depablo_mixed_temp,75,5,0.7317093041776986,0.06213045175614003,0.12930643844152973,20,20
rollout,2,depablo_mixed_temp,100,5,0.9041634848003035,0.011560380002990641,0.08840769325179866,20,20
rollout,2,lj_noisy,5,5,-42.071990217635026,25.595405359517542,0.20120694122141805,20,20
rollout,2,lj_noisy,10,5,-24.43678025625052,13.225569915623641,0.21193646270929375,20,20
rollout,2,lj_noisy,25,5,-14.14289621630245,5.4737675451169,0.23118546011261326,20,20
rollout,2,lj_noisy,50,5,-13.246651790384693,4.18784677467037,0.24182000623297087,20,20
rollout,2,lj_noisy,75,5,-11.991465486510437,3.8792044445873994,0.23605561213264012,20,20
rollout,2,lj_noisy,100,5,-10.548834757187858,3.5050074138942935,0.22402411203903433,20,20
rollout,2,reid,5,5,-0.5627318628961339,0.6908665650718996,0.1547924970509595,20,20
rollout,2,reid,10,5,-0.053112730641321916,0.4781216465676138,0.14443334063817442,20,20
rollout,2,reid,25,5,0.4225619008819015,0.35846409733538365,0.11552759185137582,20,20
rollout,2,reid,50,5,0.6935321382084467,0.16039421182382818,0.08886094643523572,20,20
rollout,2,reid,75,5,0.7736016325013403,0.09317186943007423,0.07753392813519502,20,20
rollout,2,reid,100,5,0.8141622016593398,0.044450137956444306,0.07112670295275524,20,20
rollout,4,depablo_low_temp,5,5,0.3144144029495123,0.17956230539100648,0.1652315853420354,20,20
rollout,4,depablo_low_temp,10,5,0.6035132576844473,0.10754448539534682,0.15289704174915333,20,20
rollout,4,depablo_low_temp,25,5,0.7947426523317637,0.07426373909115178,0.12167193406681845,20,20
rollout,4,depablo_low_temp,50,5,0.8824666381486882,0.04431855016097301,0.09790417414104033,20,20
rollout,4,depablo_low_temp,75,5,0.9116057073778382,0.03754335071918987,0.08581413550053722,20,20
rollout,4,depablo_low_temp,100,5,0.9232096387129463,0.03556841196572772,0.08093714638152788,20,20
rollout,4,depablo_mixed_temp,5,5,0.04074140089774912,0.05172096652655223,0.3606137654515099,20,20
rollout,4,depablo_mixed_temp,10,5,0.22143400181689793,0.1259528100968356,0.26441231419664357,20,20
rollout,4,depablo_mixed_temp,25,5,0.32082830786199057,0.08163994461341796,0.24758540087021225,20,20
rollout,4,depablo_mixed_temp,50,5,0.5060999424031272,0.07150340501622052,0.1897513789850979,20,20
rollout,4,depablo_mixed_temp,75,5,0.6781396895736502,0.03360901244355803,0.15806533686592683,20,20
rollout,4,depablo_mixed_temp,100,5,0.8767632817849382,0.041550341912747576,0.10306994005122565,20,20
rollout,4,lj_noisy,5,5,-21.420666692293263,8.96978727016267,0.13593878421527256,20,20
rollout,4,lj_noisy,10,5,-12.655392038733641,5.070563066215167,0.14613949485924146,20,20
rollout,4,lj_noisy,25,5,-8.808058221568473,3.3978424570837684,0.17600003418671437,20,20
rollout,4,lj_noisy,50,5,-9.057668539835028,2.965912638556261,0.19494912692435107,20,20
rollout,4,lj_noisy,75,5,-8.56170202064572,2.543343583552371,0.19582892319958328,20,20
rollout,4,lj_noisy,100,5,-8.219451503986864,2.619104862065849,0.19511778512964584,20,20
rollout,4,reid,5,5,-4.088098794022828,1.876391255293896,0.2742525663190273,20,20
rollout,4,reid,10,5,-1.3887987669743946,0.8322655325198124,0.22267302829440233,20,20
rollout,4,reid,25,5,-0.004598639153113937,0.3346050397212398,0.15168067750286932,20,20
rollout,4,reid,50,5,0.5218519567843465,0.15814989992964004,0.10761682566367285,20,20
rollout,4,reid,75,5,0.6642944391900276,0.10118114518374177,0.09141142648772066,20,20
rollout,4,reid,100,5,0.6982555933002846,0.0836437225288392,0.08756553735345254,20,20
