split,source,sim_idx,frame,z0,z1
train,reid,0,0,0.8210263252258301,-0.9320658445358276
train,reid,0,10,1.4081932306289673,-1.5783276557922363
train,reid,0,20,2.0390772819519043,-2.2726948261260986
train,reid,0,30,2.6757025718688965,-2.9734230041503906
train,reid,0,40,3.314871072769165,-3.6769957542419434
train,reid,0,50,3.955652952194214,-4.382392883300781
train,reid,0,60,4.5970778465271,-5.0885491371154785
train,reid,0,70,5.238842487335205,-5.795133590698242
train,reid,0,80,5.880393981933594,-6.5015411376953125
train,reid,0,90,6.521456718444824,-7.207465648651123
train,reid,0,100,7.16188383102417,-7.912750720977783
train,depablo_low_temp,1,0,0.8851916193962097,-1.0109220743179321
train,depablo_low_temp,1,10,1.203505039215088,-1.3612887859344482
train,depablo_low_temp,1,20,1.5138232707977295,-1.7028717994689941
train,depablo_low_temp,1,30,1.822829246520996,-2.0430281162261963
train,depablo_low_temp,1,40,2.130434513092041,-2.3816611766815186
train,depablo_low_temp,1,50,2.4367918968200684,-2.7189407348632812
train,depablo_low_temp,1,60,2.7418432235717773,-3.054804563522339
train,depablo_low_temp,1,70,3.045485734939575,-3.389138698577881
train,depablo_low_temp,1,80,3.3480165004730225,-3.7222673892974854
train,depablo_low_temp,1,90,3.648623466491699,-4.053304195404053
train,depablo_low_temp,1,100,3.9481475353240967,-4.383172512054443
train,depablo_mixed_temp,2,0,0.5690610408782959,-0.670976996421814
train,depablo_mixed_temp,2,10,0.7645619511604309,-0.8918243646621704
train,depablo_mixed_temp,2,20,0.9931209087371826,-1.1422349214553833
train,depablo_mixed_temp,2,30,1.4703441858291626,-1.6683375835418701
train,depablo_mixed_temp,2,40,1.834053874015808,-2.068760395050049
train,depablo_mixed_temp,2,50,2.2655773162841797,-2.541215658187866
train,depablo_mixed_temp,2,60,2.5683138370513916,-2.876746892929077
train,depablo_mixed_temp,2,70,3.031597137451172,-3.385436534881592
train,depablo_mixed_temp,2,80,3.2907636165618896,-3.6722562313079834
train,depablo_mixed_temp,2,90,3.6332755088806152,-4.049327850341797
train,depablo_mixed_temp,2,100,4.071763038635254,-4.5336432456970215
val,reid,0,0,0.8245790004730225,-0.9326475858688354
val,reid,0,10,1.387164831161499,-1.5516960620880127
val,reid,0,50,3.5610265731811523,-3.9442038536071777
val,reid,0,100,6.108441352844238,-6.749307632446289
val,reid,1,0,0.7992372512817383,-0.9017723798751831
val,reid,1,10,1.401127576828003,-1.564168930053711
val,reid,1,50,3.9038875102996826,-4.318747520446777
val,reid,1,100,6.86306095123291,-7.577543258666992
val,reid,2,0,0.7683312296867371,-0.869217038154602
val,reid,2,10,1.4053611755371094,-1.5704189538955688
val,reid,2,50,4.024393558502197,-4.45436954498291
val,reid,2,100,7.122687339782715,-7.86895227432251
val,reid,3,0,1.0373518466949463,-1.1499689817428589
val,reid,3,10,1.3241379261016846,-1.4656494855880737
val,reid,3,50,2.4330554008483887,-2.6864545345306396
val,reid,3,100,3.802131175994873,-4.194035053253174
val,reid,4,0,0.8935642838478088,-0.9998756051063538
val,reid,4,10,1.2834386825561523,-1.4289711713790894
val,reid,4,50,2.828908681869507,-3.1299519538879395
val,reid,4,100,4.742480278015137,-5.2361345291137695
val,reid,5,0,0.8937168121337891,-0.999566912651062
val,reid,5,10,1.3054847717285156,-1.4527006149291992
val,reid,5,50,2.9495296478271484,-3.261977195739746
val,reid,5,100,4.988948345184326,-5.506505489349365
val,reid,6,0,0.9157209992408752,-1.0222907066345215
val,reid,6,10,1.2865780591964722,-1.430398941040039
val,reid,6,50,2.7559938430786133,-3.047452926635742
val,reid,6,100,4.580865383148193,-5.055780410766602
val,reid,7,0,0.8120924830436707,-0.9163374900817871
val,reid,7,10,1.3615045547485352,-1.5210702419281006
val,reid,7,50,3.5890963077545166,-3.9734277725219727
val,reid,7,100,6.290999412536621,-6.949207305908203
val,reid,8,0,0.7984083890914917,-0.9060721397399902
val,reid,8,10,1.3473987579345703,-1.5102083683013916
val,reid,8,50,3.640258312225342,-4.034021377563477
val,reid,8,100,6.451259136199951,-7.129927635192871
val,reid,9,0,0.9723168015480042,-1.08097243309021
val,reid,9,10,1.3604545593261719,-1.5082789659500122
val,reid,9,50,2.8808529376983643,-3.1822855472564697
val,reid,9,100,4.766896724700928,-5.259098529815674
val,reid,10,0,0.9986090064048767,-1.109355092048645
val,reid,10,10,1.4289271831512451,-1.5830187797546387
val,reid,10,50,3.1339333057403564,-3.459794521331787
val,reid,10,100,5.251330852508545,-5.790618896484375
val,reid,11,0,0.8585655093193054,-0.9617006182670593
val,reid,11,10,1.339715838432312,-1.4913601875305176
val,reid,11,50,3.2357406616210938,-3.5785653591156006
val,reid,11,100,5.573176860809326,-6.151866436004639
val,reid,12,0,0.797245442867279,-0.8965343236923218
val,reid,12,10,1.3507994413375854,-1.5057371854782104
val,reid,12,50,3.5960793495178223,-3.977510690689087
val,reid,12,100,6.302472114562988,-6.959195137023926
val,reid,13,0,0.8947694301605225,-1.0024018287658691
val,reid,13,10,1.3189072608947754,-1.4691689014434814
val,reid,13,50,3.0228254795074463,-3.344440460205078
val,reid,13,100,5.144062519073486,-5.679162979125977
val,reid,14,0,0.9493576288223267,-1.059882402420044
val,reid,14,10,1.3633464574813843,-1.5156395435333252
val,reid,14,50,2.995352029800415,-3.312342405319214
val,reid,14,100,5.0197434425354,-5.541206359863281
val,reid,15,0,0.878025233745575,-0.9852384328842163
val,reid,15,10,1.3179634809494019,-1.46937894821167
val,reid,15,50,3.093010425567627,-3.4227893352508545
val,reid,15,100,5.291365623474121,-5.842229843139648
val,reid,16,0,0.8820492029190063,-0.9905892610549927
val,reid,16,10,1.3390589952468872,-1.493600606918335
val,reid,16,50,3.1620166301727295,-3.5001955032348633
val,reid,16,100,5.412866115570068,-5.978078365325928
val,reid,17,0,0.8059974908828735,-0.9119570255279541
val,reid,17,10,1.3411287069320679,-1.5008668899536133
val,reid,17,50,3.5162136554718018,-3.8949060440063477
val,reid,17,100,6.12063455581665,-6.762972831726074
val,reid,18,0,0.8224908113479614,-0.9298736453056335
val,reid,18,10,1.3591318130493164,-1.5204941034317017
val,reid,18,50,3.4853315353393555,-3.860976219177246
val,reid,18,100,6.067890644073486,-6.704507350921631
val,reid,19,0,0.8182494640350342,-0.9236382246017456
val,reid,19,10,1.3788084983825684,-1.5405688285827637
val,reid,19,50,3.7325658798217773,-4.131761074066162
val,reid,19,100,6.638861656188965,-7.333264350891113
val,depablo_low_temp,20,0,0.5118445158004761,-0.6082512140274048
val,depablo_low_temp,20,10,0.8799106478691101,-1.0136855840682983
val,depablo_low_temp,20,50,2.340172052383423,-2.6223108768463135
val,depablo_low_temp,20,100,4.153752326965332,-4.620384216308594
val,depablo_low_temp,21,0,0.548562228679657,-0.6414770483970642
val,depablo_low_temp,21,10,0.9124675989151001,-1.0420565605163574
val,depablo_low_temp,21,50,2.3494229316711426,-2.623929023742676
val,depablo_low_temp,21,100,4.132604598999023,-4.5871381759643555
val,depablo_low_temp,22,0,0.5362940430641174,-0.6370675563812256
val,depablo_low_temp,22,10,0.815117359161377,-0.9438938498497009
val,depablo_low_temp,22,50,1.9121098518371582,-2.151221752166748
val,depablo_low_temp,22,100,3.271942377090454,-3.6481261253356934
val,depablo_low_temp,23,0,1.2436275482177734,-1.391304612159729
val,depablo_low_temp,23,10,1.427667498588562,-1.5937511920928955
val,depablo_low_temp,23,50,2.0721564292907715,-2.3029422760009766
val,depablo_low_temp,23,100,2.843705177307129,-3.1528472900390625
val,depablo_low_temp,24,0,0.9332388639450073,-1.0621482133865356
val,depablo_low_temp,24,10,1.1764891147613525,-1.3298444747924805
val,depablo_low_temp,24,50,2.0922138690948486,-2.337754011154175
val,depablo_low_temp,24,100,3.2074880599975586,-3.565727710723877
val,depablo_low_temp,25,0,1.4808214902877808,-1.6539970636367798
val,depablo_low_temp,25,10,1.645527720451355,-1.8351949453353882
val,depablo_low_temp,25,50,2.175712823867798,-2.418844699859619
val,depablo_low_temp,25,100,2.8120508193969727,-3.1210670471191406
val,depablo_low_temp,26,0,1.1941596269607544,-1.3339482545852661
val,depablo_low_temp,26,10,1.375103235244751,-1.5330162048339844
val,depablo_low_temp,26,50,1.9652210474014282,-2.1825006008148193
val,depablo_low_temp,26,100,2.6607584953308105,-2.9493072032928467
val,depablo_low_temp,27,0,1.4022021293640137,-1.5638203620910645
val,depablo_low_temp,27,10,1.5644567012786865,-1.7425037622451782
val,depablo_low_temp,27,50,2.0840201377868652,-2.3155155181884766
val,depablo_low_temp,27,100,2.7024364471435547,-2.999248504638672
val,depablo_low_temp,28,0,0.5307949185371399,-0.6230044960975647
val,depablo_low_temp,28,10,0.8662346601486206,-0.9922677874565125
val,depablo_low_temp,28,50,2.199153184890747,-2.459684371948242
val,depablo_low_temp,28,100,3.854732036590576,-4.28255033493042
val,depablo_low_temp,29,0,1.0585259199142456,-1.187020182609558
val,depablo_low_temp,29,10,1.2689064741134644,-1.4184716939926147
val,depablo_low_temp,29,50,2.0497305393218994,-2.2775564193725586
val,depablo_low_temp,29,100,2.9952733516693115,-3.318288564682007
val,depablo_low_temp,30,0,1.4882434606552124,-1.6539192199707031
val,depablo_low_temp,30,10,1.6266696453094482,-1.8061245679855347
val,depablo_low_temp,30,50,2.0716166496276855,-2.2957088947296143
val,depablo_low_temp,30,100,2.609132766723633,-2.8887155055999756
val,depablo_low_temp,31,0,0.6146296262741089,-0.7179815173149109
val,depablo_low_temp,31,10,0.9663211703300476,-1.1051148176193237
val,depablo_low_temp,31,50,2.359724760055542,-2.639049768447876
val,depablo_low_temp,31,100,4.091640949249268,-4.545828819274902
val,depablo_low_temp,32,0,1.298095941543579,-1.4456958770751953
val,depablo_low_temp,32,10,1.4437497854232788,-1.6058911085128784
val,depablo_low_temp,32,50,1.926433801651001,-2.137028217315674
val,depablo_low_temp,32,100,2.5027101039886475,-2.77215576171875
val,depablo_low_temp,33,0,0.5492398738861084,-0.6483026742935181
val,depablo_low_temp,33,10,0.8510304093360901,-0.9804468750953674
val,depablo_low_temp,33,50,2.050339937210083,-2.300490379333496
val,depablo_low_temp,33,100,3.542428970336914,-3.9430088996887207
val,depablo_low_temp,34,0,1.4656810760498047,-1.6238877773284912
val,depablo_low_temp,34,10,1.622901201248169,-1.796820044517517
val,depablo_low_temp,34,50,2.114381790161133,-2.3376574516296387
val,depablo_low_temp,34,100,2.692997455596924,-2.975929021835327
val,depablo_low_temp,35,0,1.2633585929870605,-1.4109954833984375
val,depablo_low_temp,35,10,1.4305527210235596,-1.5949798822402954
val,depablo_low_temp,35,50,1.9890391826629639,-2.2098922729492188
val,depablo_low_temp,35,100,2.657804250717163,-2.9473090171813965
val,depablo_low_temp,36,0,0.6746601462364197,-0.7744982242584229
val,depablo_low_temp,36,10,1.0077447891235352,-1.1410510540008545
val,depablo_low_temp,36,50,2.324418306350708,-2.5900564193725586
val,depablo_low_temp,36,100,3.957052230834961,-4.386930465698242
val,depablo_low_temp,37,0,0.6940913796424866,-0.79883873462677
val,depablo_low_temp,37,10,1.0563195943832397,-1.1974997520446777
val,depablo_low_temp,37,50,2.4805357456207275,-2.7650856971740723
val,depablo_low_temp,37,100,4.237523078918457,-4.699331283569336
val,depablo_low_temp,38,0,1.239315390586853,-1.391958236694336
val,depablo_low_temp,38,10,1.4147114753723145,-1.5848921537399292
val,depablo_low_temp,38,50,2.025447130203247,-2.2568576335906982
val,depablo_low_temp,38,100,2.756895065307617,-3.0625007152557373
val,depablo_low_temp,39,0,0.5473647117614746,-0.6449253559112549
val,depablo_low_temp,39,10,0.8543442487716675,-0.9827679395675659
val,depablo_low_temp,39,50,2.072110414505005,-2.3230574131011963
val,depablo_low_temp,39,100,3.5840532779693604,-3.9873740673065186
val,depablo_mixed_temp,40,0,1.388002634048462,-1.5459160804748535
val,depablo_mixed_temp,40,10,1.6269280910491943,-1.8325746059417725
val,depablo_mixed_temp,40,50,2.9001452922821045,-3.2323362827301025
val,depablo_mixed_temp,40,100,2.4716403484344482,-2.7679758071899414
val,depablo_mixed_temp,41,0,0.5125215649604797,-0.6090257167816162
val,depablo_mixed_temp,41,10,0.7666516304016113,-0.899084746837616
val,depablo_mixed_temp,41,50,2.079582452774048,-2.3514821529388428
val,depablo_mixed_temp,41,100,3.728260040283203,-4.164875030517578
val,depablo_mixed_temp,42,0,0.5484753251075745,-0.6413888335227966
val,depablo_mixed_temp,42,10,0.9105085730552673,-1.0397874116897583
val,depablo_mixed_temp,42,50,2.347017288208008,-2.621574640274048
val,depablo_mixed_temp,42,100,4.1251325607299805,-4.578762054443359
val,depablo_mixed_temp,43,0,0.5280301570892334,-0.6288635730743408
val,depablo_mixed_temp,43,10,0.6806206107139587,-0.804061233997345
val,depablo_mixed_temp,43,50,1.6812784671783447,-1.9068268537521362
val,depablo_mixed_temp,43,100,3.2059671878814697,-3.5840625762939453
val,depablo_mixed_temp,44,0,1.0971556901931763,-1.2329593896865845
val,depablo_mixed_temp,44,10,0.8163307905197144,-0.9400706887245178
val,depablo_mixed_temp,44,50,1.9317227602005005,-2.16778302192688
val,depablo_mixed_temp,44,100,2.686295509338379,-2.9995827674865723
val,depablo_mixed_temp,45,0,1.0324077606201172,-1.1714056730270386
val,depablo_mixed_temp,45,10,0.5981495976448059,-0.7053030729293823
val,depablo_mixed_temp,45,50,1.416616439819336,-1.604441523551941
val,depablo_mixed_temp,45,100,2.5736589431762695,-2.878654956817627
val,depablo_mixed_temp,46,0,1.114832878112793,-1.2490841150283813
val,depablo_mixed_temp,46,10,0.517037570476532,-0.6108134388923645
val,depablo_mixed_temp,46,50,1.2183327674865723,-1.3846290111541748
val,depablo_mixed_temp,46,100,2.582353115081787,-2.8859972953796387
val,depablo_mixed_temp,47,0,0.5336744785308838,-0.6260390281677246
val,depablo_mixed_temp,47,10,0.696225106716156,-0.8080930113792419
val,depablo_mixed_temp,47,50,1.926994800567627,-2.163909673690796
val,depablo_mixed_temp,47,100,3.3903887271881104,-3.7741222381591797
val,depablo_mixed_temp,48,0,0.9316545128822327,-1.0604554414749146
val,depablo_mixed_temp,48,10,0.9713013768196106,-1.108075499534607
val,depablo_mixed_temp,48,50,1.6868107318878174,-1.8946301937103271
val,depablo_mixed_temp,48,100,2.690183162689209,-2.999967098236084
val,depablo_mixed_temp,49,0,0.5992958545684814,-0.7020853161811829
val,depablo_mixed_temp,49,10,0.7371849417686462,-0.8627265095710754
val,depablo_mixed_temp,49,50,1.6846330165863037,-1.9106318950653076
val,depablo_mixed_temp,49,100,3.6172196865081787,-4.0377092361450195
val,depablo_mixed_temp,50,0,1.3049042224884033,-1.450728178024292
val,depablo_mixed_temp,50,10,0.23077483475208282,-0.29775547981262207
val,depablo_mixed_temp,50,50,1.1207623481750488,-1.2831885814666748
val,depablo_mixed_temp,50,100,2.36954927444458,-2.660031318664551
val,depablo_mixed_temp,51,0,1.4012491703033447,-1.5628050565719604
val,depablo_mixed_temp,51,10,0.8880782723426819,-1.0031629800796509
val,depablo_mixed_temp,51,50,1.9808443784713745,-2.209927558898926
val,depablo_mixed_temp,51,100,2.3651435375213623,-2.637050151824951
val,depablo_mixed_temp,52,0,1.3594639301300049,-1.5160679817199707
val,depablo_mixed_temp,52,10,1.595909595489502,-1.7773816585540771
val,depablo_mixed_temp,52,50,1.9479920864105225,-2.165114641189575
val,depablo_mixed_temp,52,100,2.698836326599121,-2.99288010597229
val,depablo_mixed_temp,53,0,0.6144818067550659,-0.7178239226341248
val,depablo_mixed_temp,53,10,0.9538478851318359,-1.0914993286132812
val,depablo_mixed_temp,53,50,2.374850273132324,-2.656526803970337
val,depablo_mixed_temp,53,100,4.117068767547607,-4.575619220733643
val,depablo_mixed_temp,54,0,0.698918342590332,-0.8120035529136658
val,depablo_mixed_temp,54,10,-0.05042783543467522,-0.004909844137728214
val,depablo_mixed_temp,54,50,0.9909632205963135,-1.1503841876983643
val,depablo_mixed_temp,54,100,2.7780046463012695,-3.11678409576416
val,depablo_mixed_temp,55,0,0.5463944673538208,-0.6435283422470093
val,depablo_mixed_temp,55,10,0.8006262183189392,-0.9243213534355164
val,depablo_mixed_temp,55,50,2.037123680114746,-2.2853527069091797
val,depablo_mixed_temp,55,100,3.5744760036468506,-3.977076768875122
val,depablo_mixed_temp,56,0,0.5477123260498047,-0.6453120112419128
val,depablo_mixed_temp,56,10,0.8747380375862122,-1.006128191947937
val,depablo_mixed_temp,56,50,2.0987722873687744,-2.3537275791168213
val,depablo_mixed_temp,56,100,3.65741229057312,-4.069645404815674
val,depablo_mixed_temp,57,0,1.4144067764282227,-1.5758512020111084
val,depablo_mixed_temp,57,10,1.5713672637939453,-1.7489428520202637
val,depablo_mixed_temp,57,50,2.09306263923645,-2.323256015777588
val,depablo_mixed_temp,57,100,2.70369291305542,-2.997727394104004
val,depablo_mixed_temp,58,0,1.2799012660980225,-1.4316989183425903
val,depablo_mixed_temp,58,10,1.3975740671157837,-1.561203122138977
val,depablo_mixed_temp,58,50,2.006824016571045,-2.231966972351074
val,depablo_mixed_temp,58,100,2.609307050704956,-2.896927833557129
val,depablo_mixed_temp,59,0,0.8010292053222656,-0.9222185611724854
val,depablo_mixed_temp,59,10,1.0590307712554932,-1.206493616104126
val,depablo_mixed_temp,59,50,2.158762216567993,-2.4166526794433594
val,depablo_mixed_temp,59,100,3.4780595302581787,-3.868708610534668
