source,split,index,original_index,target,z0_0,z0_1,z1_0,z1_1,z5_0,z5_1
reid,calibration,1,45,-0.232251246533386,-1.611339807510376,0.48987194895744324,-1.6545116901397705,0.5000557899475098,-1.870492696762085,0.5510109066963196
reid,calibration,2,43,0.34530588309025634,-1.7202820777893066,0.5140914916992188,-1.7564480304718018,0.5226165056228638,-1.8942965269088745,0.5551106333732605
reid,calibration,3,73,0.3546914498807752,-1.6516895294189453,0.4969881772994995,-1.6867258548736572,0.5052418112754822,-1.8210045099258423,0.5368704199790955
reid,calibration,4,85,-0.04034466635495291,-1.6529598236083984,0.4997017979621887,-1.695555567741394,0.509753406047821,-1.8826744556427002,0.5539093017578125
reid,calibration,5,22,-0.41202700293673356,-1.6074659824371338,0.4886258840560913,-1.6564550399780273,0.5001706480979919,-1.9188785552978516,0.5620253086090088
reid,calibration,6,47,-0.2000712201151801,-1.6464964151382446,0.4984753727912903,-1.6917707920074463,0.5091544985771179,-1.9062042236328125,0.5597432851791382
reid,calibration,7,27,-0.16419202194022636,-1.6523586511611938,0.49948394298553467,-1.701596736907959,0.5110883116722107,-1.9313596487045288,0.5652473568916321
reid,calibration,8,87,0.27845350203017877,-1.5900741815567017,0.48323091864585876,-1.626869559288025,0.4919082224369049,-1.7664588689804077,0.5248245000839233
reid,calibration,9,67,0.2827574554363437,-1.7039456367492676,0.5109195113182068,-1.742467999458313,0.5200003385543823,-1.889048457145691,0.554546594619751
reid,calibration,10,71,0.3225968972047046,-1.7050182819366455,0.5107355713844299,-1.7403509616851807,0.5190678238868713,-1.8757365942001343,0.5509908199310303
reid,calibration,11,36,-0.19027884597049458,-1.587081789970398,0.4835343360900879,-1.6295968294143677,0.49356287717819214,-1.8407666683197021,0.5433759689331055
reid,calibration,12,65,0.38860791826309066,-1.7075766324996948,0.5112618207931519,-1.7422962188720703,0.5194447040557861,-1.8702354431152344,0.5495915412902832
reid,calibration,13,9,-0.058598285749740735,-1.6359467506408691,0.4959786534309387,-1.6849074363708496,0.507519543170929,-1.9079256057739258,0.5600906014442444
reid,calibration,14,81,-0.10988731840817481,-1.6264642477035522,0.4934847354888916,-1.6696299314498901,0.5036661624908447,-1.8691017627716064,0.550721287727356
reid,calibration,15,90,0.0028081485416824783,-1.657078504562378,0.49986007809638977,-1.7001675367355347,0.5100151300430298,-1.883293628692627,0.5531778335571289
reid,calibration,16,68,0.21534159724725252,-1.7147369384765625,0.5137673020362854,-1.7560110092163086,0.523504376411438,-1.912858247756958,0.560509204864502
reid,calibration,17,21,-0.14768180964121552,-1.6319715976715088,0.4952812194824219,-1.6768194437026978,0.5058596134185791,-1.8897368907928467,0.5560893416404724
reid,calibration,18,24,-0.1309780478243826,-1.6531301736831665,0.4992532730102539,-1.6976920366287231,0.5097591876983643,-1.8991303443908691,0.5572617053985596
reid,calibration,19,48,-0.17123836165231263,-1.6591167449951172,0.5017551779747009,-1.7070693969726562,0.5130556225776672,-1.935572862625122,0.5669095516204834
reid,calibration,20,1,0.3378457170934105,-1.6397300958633423,0.494515597820282,-1.6752424240112305,0.502880871295929,-1.809532880783081,0.5345080494880676
reid,calibration,21,76,0.18335712828880277,-1.6525845527648926,0.49788838624954224,-1.692623257637024,0.5073308348655701,-1.8478748798370361,0.5439445376396179
reid,calibration,22,78,0.1293664497277195,-1.6625512838363647,0.5011429190635681,-1.7022548913955688,0.5105078816413879,-1.8614885807037354,0.5480661988258362
reid,calibration,23,72,-0.037977481086243575,-1.6619837284088135,0.5023382306098938,-1.7057569026947021,0.5126628875732422,-1.895331621170044,0.5573820471763611
reid,calibration,24,55,0.27125756726885086,-1.682270884513855,0.5059513449668884,-1.72374427318573,0.5157357454299927,-1.8848860263824463,0.5537527203559875
reid,calibration,25,82,-0.07218477062664293,-1.6361606121063232,0.49528801441192627,-1.6783761978149414,0.5052501559257507,-1.8680334091186523,0.550011396408081
reid,calibration,26,34,0.2423286065533074,-1.6779108047485352,0.5046650767326355,-1.7154004573822021,0.5135080218315125,-1.859680414199829,0.5475373864173889
reid,calibration,27,23,-0.31124485724577994,-1.640941858291626,0.49704763293266296,-1.6864598989486694,0.5077835917472839,-1.9241670370101929,0.5638575553894043
reid,calibration,28,94,0.16401048126396411,-1.6483821868896484,0.49801942706108093,-1.6857330799102783,0.5068329572677612,-1.8317310810089111,0.5412821173667908
reid,calibration,29,75,0.1204822732587641,-1.6010476350784302,0.48648741841316223,-1.642834186553955,0.4963434338569641,-1.8117643594741821,0.5361876487731934
depablo_low_temp,calibration,1,145,-0.4569532518665687,-2.2902183532714844,0.6456279158592224,-2.3187074661254883,0.6523430347442627,-2.3854360580444336,0.6680601239204407
depablo_low_temp,calibration,2,7,-0.09727260084400499,-2.024646043777466,0.5856668949127197,-2.0600972175598145,0.59401935338974,-2.1646382808685303,0.618636965751648
depablo_low_temp,calibration,3,133,0.3439682334342666,-1.552001953125,0.4776691198348999,-1.5820575952529907,0.4847571551799774,-1.6976783275604248,0.512022078037262
depablo_low_temp,calibration,4,198,-0.3206296495113327,-2.215961456298828,0.6289238333702087,-2.247180700302124,0.6362830400466919,-2.324784994125366,0.6545658111572266
depablo_low_temp,calibration,5,13,0.3636117579426061,-1.5789330005645752,0.48485371470451355,-1.6154155731201172,0.4934557378292084,-1.7571547031402588,0.5268730521202087
depablo_low_temp,calibration,6,21,-0.11422681948022362,-1.97599196434021,0.5747974514961243,-2.0068206787109375,0.5820708870887756,-2.1038100719451904,0.6049538850784302
depablo_low_temp,calibration,7,107,-0.4553419205041738,-2.3313491344451904,0.6544070243835449,-2.358640193939209,0.6608376502990723,-2.4205451011657715,0.6754136085510254
depablo_low_temp,calibration,8,14,-0.020264705234645113,-1.7697203159332275,0.5257753729820251,-1.800699234008789,0.5330795049667358,-1.903238296508789,0.5572478175163269
depablo_low_temp,calibration,9,77,0.1607695438424218,-1.680100440979004,0.5068644285202026,-1.7144134044647217,0.5149579644203186,-1.8441460132598877,0.5455576777458191
depablo_low_temp,calibration,10,130,0.13037281540664314,-1.7940852642059326,0.5344170928001404,-1.8312554359436035,0.5431812405586243,-1.9675253629684448,0.5753093361854553
depablo_low_temp,calibration,11,50,0.3691857783976515,-1.621864914894104,0.49494442343711853,-1.6546039581298828,0.5026620030403137,-1.777311086654663,0.5315867066383362
depablo_low_temp,calibration,12,85,-0.5044309215854138,-2.334326982498169,0.6548943519592285,-2.3595571517944336,0.6608425974845886,-2.416999340057373,0.6743701100349426
depablo_low_temp,calibration,13,104,-0.2084327188950511,-2.0475521087646484,0.5896633267402649,-2.0792899131774902,0.5971419215202332,-2.1729769706726074,0.6192094683647156
depablo_low_temp,calibration,14,55,0.23776199413847313,-1.5966241359710693,0.4871048629283905,-1.6284596920013428,0.4946109652519226,-1.748658299446106,0.5229472517967224
depablo_low_temp,calibration,15,54,-0.4149092808456947,-2.1943702697753906,0.6235222220420837,-2.223804235458374,0.6304556131362915,-2.2975685596466064,0.647818386554718
depablo_low_temp,calibration,16,147,-0.45508805028712523,-2.1990504264831543,0.624004065990448,-2.2271933555603027,0.6306387186050415,-2.294477701187134,0.6464884877204895
depablo_low_temp,calibration,17,117,0.1594724535638284,-1.7707477807998657,0.5281230211257935,-1.8023515939712524,0.5355775952339172,-1.9198799133300781,0.5632971525192261
depablo_low_temp,calibration,18,3,-0.5089574496506146,-2.33168363571167,0.654656171798706,-2.357907772064209,0.6608363389968872,-2.4152698516845703,0.6743376851081848
depablo_low_temp,calibration,19,67,-0.0018257140201558828,-1.8032252788543701,0.5343663096427917,-1.8356095552444458,0.5420047640800476,-1.946643590927124,0.5681917071342468
depablo_low_temp,calibration,20,151,-0.43250460298528204,-2.094015121459961,0.5991148948669434,-2.121664047241211,0.6056300401687622,-2.191603660583496,0.6220835447311401
depablo_low_temp,calibration,21,79,0.16588096190370036,-1.6172994375228882,0.49141672253608704,-1.6513586044311523,0.4994445741176605,-1.7746226787567139,0.528492271900177
depablo_low_temp,calibration,22,160,0.13098382595067665,-1.7374045848846436,0.5208009481430054,-1.7731915712356567,0.5292379856109619,-1.904165506362915,0.560113787651062
depablo_low_temp,calibration,23,12,0.20621044042079262,-1.6795889139175415,0.5065225958824158,-1.7109391689300537,0.5139159560203552,-1.8280386924743652,0.5415302515029907
depablo_low_temp,calibration,24,157,0.3456222726247795,-1.5610231161117554,0.4800468385219574,-1.592840313911438,0.4875483512878418,-1.7123255729675293,0.5157139301300049
depablo_low_temp,calibration,25,171,0.13090063946846645,-1.7986586093902588,0.5347592234611511,-1.8359994888305664,0.5435640215873718,-1.972280740737915,0.575695276260376
depablo_low_temp,calibration,26,153,-0.02841312250886952,-1.8519781827926636,0.5455672740936279,-1.8825757503509521,0.5527860522270203,-1.9844387769699097,0.5768128037452698
depablo_low_temp,calibration,27,59,-0.24449245701211883,-2.059131622314453,0.5941023230552673,-2.093832492828369,0.6022747755050659,-2.1885135173797607,0.6245574355125427
depablo_low_temp,calibration,28,102,-0.3849155395146667,-2.1515679359436035,0.6135931015014648,-2.179175853729248,0.6201004981994629,-2.2496979236602783,0.6367092728614807
depablo_low_temp,calibration,29,69,0.3421232945503728,-1.5760458707809448,0.4840729236602783,-1.6083229780197144,0.4916887879371643,-1.7336130142211914,0.5212497711181641
depablo_mixed_temp,calibration,1,229,-0.2598863321319656,-1.9474589824676514,0.5669071674346924,-1.4977245330810547,0.4606512784957886,-1.6049365997314453,0.48524975776672363
depablo_mixed_temp,calibration,2,145,-0.6224878167104015,-2.286726713180542,0.644825279712677,-1.2745229005813599,0.40552330017089844,-1.592401146888733,0.48096325993537903
depablo_mixed_temp,calibration,3,265,-0.8210172915377447,-2.1631622314453125,0.6173059940338135,-0.06864550709724426,0.12199260294437408,-1.1381371021270752,0.3762584328651428
depablo_mixed_temp,calibration,4,234,0.2543584606623625,-1.7636866569519043,0.5266624689102173,-1.3561701774597168,0.429462194442749,-1.42050302028656,0.4452604353427887
depablo_mixed_temp,calibration,5,231,-0.333676506988695,-2.08129620552063,0.5980796217918396,-1.3547905683517456,0.42563706636428833,-1.324398398399353,0.4186871647834778
depablo_mixed_temp,calibration,6,290,0.05570942435230156,-1.636472225189209,0.4974704682826996,-0.48438119888305664,0.22315531969070435,-0.8805983662605286,0.3180070221424103
depablo_mixed_temp,calibration,7,133,0.2650048017088054,-1.5388381481170654,0.4744488596916199,-1.3976459503173828,0.44099393486976624,-1.4476335048675537,0.45290645956993103
depablo_mixed_temp,calibration,8,198,-0.08896035999214302,-2.2244722843170166,0.6311256289482117,-2.0188357830047607,0.5819026827812195,-2.3184125423431396,0.6525284647941589
depablo_mixed_temp,calibration,9,13,0.3587197549224782,-1.5789318084716797,0.48485279083251953,-1.6329896450042725,0.4976406693458557,-1.7374799251556396,0.5222448110580444
depablo_mixed_temp,calibration,10,21,-0.122155591678499,-1.975771188735962,0.5747469067573547,-1.9628180265426636,0.5716871619224548,-2.0650875568389893,0.5958219766616821
depablo_mixed_temp,calibration,11,107,-0.6031623761001267,-2.3287432193756104,0.6538076996803284,-1.9268407821655273,0.5585891008377075,-2.1323533058166504,0.6071970462799072
depablo_mixed_temp,calibration,12,14,-0.026450600229392638,-1.769850254058838,0.5258051753044128,-1.8140153884887695,0.5362176895141602,-1.9131280183792114,0.5595999360084534
depablo_mixed_temp,calibration,13,77,0.17076206702616867,-1.6799935102462769,0.5068394541740417,-1.622380256652832,0.49309253692626953,-1.6953874826431274,0.5103341937065125
depablo_mixed_temp,calibration,14,130,0.22021860740893506,-1.793813705444336,0.5343549251556396,-1.583707332611084,0.4844239354133606,-1.737377643585205,0.520642101764679
depablo_mixed_temp,calibration,15,50,0.36259260088180656,-1.6216001510620117,0.49488401412963867,-1.567152500152588,0.4819420278072357,-1.6637206077575684,0.504777729511261
depablo_mixed_temp,calibration,16,232,0.16853957039658546,-1.8204950094223022,0.5391442775726318,-1.137747883796692,0.37745410203933716,-2.0904531478881836,0.601930558681488
depablo_mixed_temp,calibration,17,85,-0.5067330332554019,-2.334326982498169,0.6548941135406494,-2.188694477081299,0.6204875707626343,-2.3471262454986572,0.6578702330589294
depablo_mixed_temp,calibration,18,283,-0.9331785773503565,-2.480825662612915,0.6887966394424438,-2.1936848163604736,0.6196606159210205,-2.790865898132324,0.7620987892150879
depablo_mixed_temp,calibration,19,55,0.23430945733151606,-1.5968120098114014,0.48714718222618103,-1.6209003925323486,0.49283143877983093,-1.7136077880859375,0.5145916938781738
depablo_mixed_temp,calibration,20,235,-0.6151185397036968,-2.182882070541382,0.6219933032989502,-0.9677051305770874,0.3345510959625244,-1.3665885925292969,0.42862290143966675
depablo_mixed_temp,calibration,21,54,-0.3576020510457859,-2.1938772201538086,0.6234099268913269,-2.0781893730163574,0.5960249304771423,-2.3850176334381104,0.6685351133346558
depablo_mixed_temp,calibration,22,251,0.3156023220656241,-1.5350654125213623,0.47343188524246216,-0.6433883905410767,0.26176849007606506,-1.1419272422790527,0.37981417775154114
depablo_mixed_temp,calibration,23,277,0.24526698124261048,-1.6993529796600342,0.5117530226707458,-0.5662004947662354,0.24385735392570496,-1.0500545501708984,0.3573054075241089
depablo_mixed_temp,calibration,24,3,-0.5306975481373464,-2.3315982818603516,0.6546368598937988,-2.382262706756592,0.6666308641433716,-2.4709434509277344,0.6875389814376831
depablo_mixed_temp,calibration,25,151,-0.5617702163313278,-2.093217134475708,0.5989299416542053,-1.7778656482696533,0.5240947604179382,-1.1539678573608398,0.3767220973968506
depablo_mixed_temp,calibration,26,160,0.07192234309910783,-1.7374300956726074,0.520799458026886,-1.4843683242797852,0.4609150290489197,-1.3766109943389893,0.4353007674217224
depablo_mixed_temp,calibration,27,0,-0.4558721303293883,-2.2105488777160645,0.6274043917655945,-2.278273344039917,0.6434177160263062,-2.334233283996582,0.6565850973129272
depablo_mixed_temp,calibration,28,157,0.2816505561721126,-1.5623483657836914,0.4803367257118225,-1.5717833042144775,0.4821810722351074,-1.7055939435958862,0.5140838623046875
depablo_mixed_temp,calibration,29,171,0.12269577325680238,-1.8019194602966309,0.5354917645454407,-1.9216474294662476,0.5634620189666748,-2.147397041320801,0.6170800924301147
reid,validation,0,41,-0.18592425216111444,-1.6330337524414062,0.4948275685310364,-1.6769746541976929,0.505191445350647,-1.9086689949035645,0.5598540902137756
reid,validation,1,49,-0.2484001931039763,-1.6181058883666992,0.49178215861320496,-1.6647553443908691,0.5027872920036316,-1.9010472297668457,0.5585293173789978
reid,validation,2,25,-0.28991646558045975,-1.6241501569747925,0.4936540424823761,-1.6731916666030884,0.5052224397659302,-1.9218254089355469,0.563877284526825
reid,validation,3,93,0.3825341810561535,-1.662307858467102,0.5000972747802734,-1.6935311555862427,0.5074635148048401,-1.8091397285461426,0.5347373485565186
reid,validation,4,84,0.14636191878411464,-1.619964838027954,0.49110203981399536,-1.6592003107070923,0.5003612637519836,-1.815772294998169,0.5373120903968811
reid,validation,5,96,0.07854721632176512,-1.6766703128814697,0.5050886869430542,-1.7168972492218018,0.5145799517631531,-1.8832850456237793,0.5538415908813477
reid,validation,6,97,0.18236543442222877,-1.6714239120483398,0.5037499666213989,-1.709930658340454,0.5128350853919983,-1.8584799766540527,0.5478811860084534
reid,validation,7,13,-0.10703920413861479,-1.6230673789978027,0.492740273475647,-1.6694512367248535,0.5036810040473938,-1.888290524482727,0.5553037524223328
reid,validation,8,28,-0.19039293431334223,-1.611283302307129,0.4897744655609131,-1.6556601524353027,0.5002399682998657,-1.874812364578247,0.5519283413887024
reid,validation,9,52,0.27865945466096903,-1.6890394687652588,0.5076568722724915,-1.729490876197815,0.5171975493431091,-1.8822611570358276,0.5532283186912537
reid,validation,10,59,0.16522835509854775,-1.6943691968917847,0.5085670948028564,-1.7379591464996338,0.5188488960266113,-1.9082660675048828,0.5590232610702515
reid,validation,11,57,0.031051700932745487,-1.6578997373580933,0.5010893940925598,-1.7038391828536987,0.5119269490242004,-1.8941329717636108,0.5568156242370605
reid,validation,12,15,-0.2063543716537857,-1.6888307332992554,0.5092030167579651,-1.7331920862197876,0.5196717381477356,-1.955784559249878,0.572209358215332
reid,validation,13,53,0.10049980507164165,-1.6861467361450195,0.5075032114982605,-1.727477788925171,0.5172521471977234,-1.8964767456054688,0.5571162104606628
reid,validation,14,2,0.22551458896398863,-1.6530120372772217,0.49892300367355347,-1.6958374977111816,0.5090207457542419,-1.8585621118545532,0.5473894476890564
reid,validation,15,88,-0.023744656014553108,-1.6372274160385132,0.495603084564209,-1.6781058311462402,0.5052471160888672,-1.8562349081039429,0.5472754836082458
reid,validation,16,74,0.04426501026370146,-1.691441297531128,0.5088133215904236,-1.735661268234253,0.5192404389381409,-1.9179942607879639,0.5622327923774719
reid,validation,17,31,-0.21934679536825402,-1.6278209686279297,0.4939267039299011,-1.6720818281173706,0.5043652653694153,-1.8850126266479492,0.554587721824646
reid,validation,18,69,-0.15275728513463666,-1.6534463167190552,0.4999246895313263,-1.7002174854278564,0.510952889919281,-1.9168440103530884,0.5620410442352295
reid,validation,19,19,-0.2642057701211821,-1.6428636312484741,0.49751371145248413,-1.6883037090301514,0.5082315802574158,-1.9102883338928223,0.5606017112731934
depablo_low_temp,validation,0,161,0.3295116081602485,-1.5265390872955322,0.47195684909820557,-1.563850998878479,0.48075374960899353,-1.706568717956543,0.5144012570381165
depablo_low_temp,validation,1,47,0.21688541973360015,-1.6306496858596802,0.49731341004371643,-1.6686630249023438,0.5062819123268127,-1.8118767738342285,0.5400720834732056
depablo_low_temp,validation,2,191,0.3575098309362807,-1.556623101234436,0.47848042845726013,-1.5871466398239136,0.48567503690719604,-1.7018495798110962,0.5127084255218506
depablo_low_temp,validation,3,66,-0.38629318186037015,-2.180854082107544,0.6201118230819702,-2.21020245552063,0.6270305514335632,-2.284987688064575,0.644651472568512
depablo_low_temp,validation,4,118,-0.06688024884807647,-1.8633772134780884,0.5472866296768188,-1.8942965269088745,0.5545753836631775,-1.9931782484054565,0.5778762102127075
depablo_low_temp,validation,5,98,-0.5309896854634255,-2.3733136653900146,0.66359943151474,-2.403085231781006,0.670602560043335,-2.4693195819854736,0.6861436367034912
depablo_low_temp,validation,6,2,-0.47488848375845993,-2.175564765930176,0.62019944190979,-2.205374240875244,0.6272294521331787,-2.280391216278076,0.644921600818634
depablo_low_temp,validation,7,136,-0.48517278054129753,-2.355409622192383,0.6605886220932007,-2.3842670917510986,0.6673843264579773,-2.450634479522705,0.6830019354820251
depablo_low_temp,validation,8,131,0.34392032601864403,-1.5936775207519531,0.4883936047554016,-1.628093957901001,0.4965120553970337,-1.760620355606079,0.52777099609375
depablo_low_temp,validation,9,124,-0.18820841330739146,-2.0534536838531494,0.5923117995262146,-2.0823259353637695,0.599123477935791,-2.167675256729126,0.6192572712898254
depablo_low_temp,validation,10,105,-0.5634336974090646,-2.3441481590270996,0.6567502021789551,-2.3713598251342773,0.6631622314453125,-2.4272868633270264,0.6763126254081726
depablo_low_temp,validation,11,96,0.1942983204117418,-1.6201292276382446,0.4931999444961548,-1.6570793390274048,0.5019130706787109,-1.7972996234893799,0.5349748730659485
depablo_low_temp,validation,12,152,-0.4649011985388314,-2.21858549118042,0.6290029287338257,-2.2449538707733154,0.6352213025093079,-2.3038508892059326,0.649095356464386
depablo_low_temp,validation,13,70,0.331849194610785,-1.560900330543518,0.4795754551887512,-1.592490792274475,0.48702389001846313,-1.7146254777908325,0.5158189535140991
depablo_low_temp,validation,14,169,-0.5582727125038358,-2.3801662921905518,0.666349470615387,-2.4084632396698,0.6730214953422546,-2.472515344619751,0.6881159543991089
depablo_low_temp,validation,15,168,-0.43834248301162587,-2.1893012523651123,0.6221580505371094,-2.2164485454559326,0.628559947013855,-2.2868099212646484,0.6451424360275269
depablo_low_temp,validation,16,126,0.17018842708960244,-1.7163493633270264,0.516119658946991,-1.7515099048614502,0.5244189500808716,-1.8848196268081665,0.5558878183364868
depablo_low_temp,validation,17,196,0.09937616913140154,-1.7631161212921143,0.5273207426071167,-1.802048921585083,0.5365017652511597,-1.9442152976989746,0.5700228214263916
depablo_low_temp,validation,18,138,-0.4089054548701009,-2.1151647567749023,0.6040036082267761,-2.14355731010437,0.6106939315795898,-2.2164130210876465,0.6278412938117981
depablo_low_temp,validation,19,78,0.3578450735617016,-1.5780237913131714,0.4839029014110565,-1.6100260019302368,0.4914497137069702,-1.7340025901794434,0.5206842422485352
depablo_mixed_temp,validation,0,268,-0.4586763640469313,-2.340625524520874,0.6571707725524902,-2.43829083442688,0.6791252493858337,-2.1986467838287354,0.6228523254394531
depablo_mixed_temp,validation,1,161,0.30826831314618214,-1.5271666049957275,0.47209858894348145,-1.4162015914916992,0.4448086619377136,-1.6605092287063599,0.5031286478042603
depablo_mixed_temp,validation,2,47,0.22082333867854098,-1.6305707693099976,0.49729588627815247,-1.6600382328033447,0.504344642162323,-1.7890596389770508,0.5347559452056885
depablo_mixed_temp,validation,3,191,0.4193063717226663,-1.5261387825012207,0.4710325002670288,-1.2735401391983032,0.41111505031585693,-1.655979037284851,0.5013417601585388
depablo_mixed_temp,validation,4,242,-0.19405062438648085,-2.0640041828155518,0.593993067741394,-1.417770266532898,0.440864622592926,-1.7313816547393799,0.5154377222061157
depablo_mixed_temp,validation,5,208,-0.32148158080908495,-1.9360662698745728,0.5633430480957031,-0.9862281084060669,0.33897796273231506,-0.9667923450469971,0.33472365140914917
depablo_mixed_temp,validation,6,221,-0.12751704226901897,-2.1112146377563477,0.6057024002075195,-1.620826244354248,0.489602655172348,-2.00567889213562,0.5803385972976685
depablo_mixed_temp,validation,7,140,0.37722338032008185,-1.5785502195358276,0.48445042967796326,-1.4078748226165771,0.44388532638549805,-1.6650891304016113,0.5048856735229492
depablo_mixed_temp,validation,8,118,-0.18435756838704018,-1.861729383468628,0.5469090938568115,-1.5754114389419556,0.47903531789779663,-1.6124414205551147,0.4874691069126129
depablo_mixed_temp,validation,9,158,0.18531888782520317,-1.6488717794418335,0.5005115866661072,-1.2745401859283447,0.4114961624145508,-1.4140105247497559,0.4449031949043274
depablo_mixed_temp,validation,10,250,-0.636978621357285,-2.2633090019226074,0.640002965927124,-0.04100675508379936,0.11440986394882202,-1.030216097831726,0.34841328859329224
depablo_mixed_temp,validation,11,136,-0.56948612543293,-2.3541440963745117,0.6603002548217773,-1.9302544593811035,0.5601479411125183,-2.3497304916381836,0.6592667102813721
depablo_mixed_temp,validation,12,68,-0.4392105168953849,-2.242149829864502,0.6338196992874146,-2.2861034870147705,0.6440439224243164,-2.1625421047210693,0.6148771047592163
depablo_mixed_temp,validation,13,96,0.182578686411987,-1.6200388669967651,0.49317923188209534,-1.5787773132324219,0.48332399129867554,-1.8330752849578857,0.5433175563812256
depablo_mixed_temp,validation,14,262,0.09542330144036476,-1.6856045722961426,0.5073094964027405,-0.40576449036598206,0.20421044528484344,-1.1057662963867188,0.36957046389579773
depablo_mixed_temp,validation,15,70,0.32730089705365395,-1.560591459274292,0.47965216636657715,-1.6346491575241089,0.4972226619720459,-1.7312235832214355,0.5200516581535339
depablo_mixed_temp,validation,16,78,0.3604905423469671,-1.5781569480895996,0.48393163084983826,-1.5784950256347656,0.48393017053604126,-1.7351231575012207,0.5209284424781799
depablo_mixed_temp,validation,17,44,-0.5890735482937591,-2.3409550189971924,0.656924307346344,-2.3374288082122803,0.656050980091095,-2.4309310913085938,0.6781519651412964
depablo_mixed_temp,validation,18,36,-0.42374491734946157,-2.229829788208008,0.6320887804031372,-2.245643138885498,0.6358360648155212,-2.301757574081421,0.6489866971969604
depablo_mixed_temp,validation,19,39,0.04910817340987088,-1.7965542078018188,0.5328559875488281,-1.829663634300232,0.540643036365509,-1.8969619274139404,0.5564471483230591
