split,source,sim_idx,frame,z0,z1,z2,z3,z4,z5,z6,z7
train,reid,0,0,-0.6293410062789917,0.39261555671691895,-0.07094226777553558,-0.5663737654685974,0.4491578936576843,0.7503556609153748,-1.5120015144348145,1.1184179782867432
train,reid,0,10,-0.3896850347518921,0.46718770265579224,-0.7892539501190186,-0.5479234457015991,-0.04394837096333504,0.6521565318107605,-1.8410857915878296,1.6588209867477417
train,reid,0,20,-0.2069871425628662,0.5935632586479187,-1.5206135511398315,-0.5944525599479675,-0.528954029083252,0.6194575428962708,-2.3327348232269287,2.2991139888763428
train,reid,0,30,-0.05372784659266472,0.7364296317100525,-2.228323459625244,-0.6642751097679138,-0.9914308786392212,0.614463746547699,-2.8708271980285645,2.9552390575408936
train,reid,0,40,0.07696601003408432,0.8906809687614441,-2.913706064224243,-0.7504422664642334,-1.4341739416122437,0.6300621628761292,-3.439572334289551,3.619105577468872
train,reid,0,50,0.19105257093906403,1.052898645401001,-3.580650806427002,-0.8478578925132751,-1.8611154556274414,0.6606784462928772,-4.02885627746582,4.2869343757629395
train,reid,0,60,0.29434752464294434,1.219783902168274,-4.233170032501221,-0.9516385793685913,-2.2761993408203125,0.7008506059646606,-4.629001617431641,4.955112457275391
train,reid,0,70,0.3921586871147156,1.3886668682098389,-4.875893592834473,-1.0576531887054443,-2.6836013793945312,0.7457635402679443,-5.232390403747559,5.621417999267578
train,reid,0,80,0.4886387586593628,1.557631015777588,-5.51298713684082,-1.1628637313842773,-3.0869345664978027,0.7917407751083374,-5.833719253540039,6.284710884094238
train,reid,0,90,0.5869700312614441,1.7253758907318115,-6.148192405700684,-1.2651386260986328,-3.4893083572387695,0.8360763192176819,-6.429595947265625,6.944764614105225
train,reid,0,100,0.6899320483207703,1.8907387256622314,-6.7848310470581055,-1.3626223802566528,-3.8934595584869385,0.8763239979743958,-7.016968727111816,7.601224422454834
train,reid,1,0,-0.7710707187652588,0.5206203460693359,-0.11028145253658295,-0.7352542281150818,0.46906578540802,0.9152422547340393,-1.9266520738601685,1.3692901134490967
train,reid,1,10,-0.5781914591789246,0.5917969942092896,-0.7160776853561401,-0.7290806770324707,0.053534768521785736,0.8414292931556702,-2.2260589599609375,1.837022304534912
train,reid,1,20,-0.45285218954086304,0.707076907157898,-1.2907850742340088,-0.7846362590789795,-0.32525256276130676,0.8342690467834473,-2.6567440032958984,2.3648016452789307
train,reid,1,30,-0.36352330446243286,0.842272937297821,-1.8372199535369873,-0.8690744638442993,-0.6770610809326172,0.860670804977417,-3.1438193321228027,2.9114415645599365
train,reid,1,40,-0.29893991351127625,0.9921166896820068,-2.365755796432495,-0.9737111330032349,-1.0111100673675537,0.9108340740203857,-3.672299861907959,3.4736392498016357
train,reid,1,50,-0.2513108253479004,1.153489589691162,-2.885132074356079,-1.0930733680725098,-1.3346790075302124,0.9783269762992859,-4.233786582946777,4.050997734069824
train,reid,1,60,-0.2127886414527893,1.3231834173202515,-3.403960943222046,-1.2215887308120728,-1.6549794673919678,1.0565871000289917,-4.81955099105835,4.642797470092773
train,reid,1,70,-0.17845085263252258,1.499215841293335,-3.9277520179748535,-1.355821967124939,-1.9765982627868652,1.1415228843688965,-5.424260139465332,5.248713493347168
train,reid,1,80,-0.1443730592727661,1.6800826787948608,-4.461188316345215,-1.4931190013885498,-2.3033642768859863,1.2299084663391113,-6.043990612030029,5.868769645690918
train,reid,1,90,-0.10723307728767395,1.8641746044158936,-5.007442951202393,-1.6309767961502075,-2.638061285018921,1.3187938928604126,-6.674302577972412,6.501934051513672
train,reid,1,100,-0.06462863832712173,2.0507419109344482,-5.56988525390625,-1.7679294347763062,-2.983358383178711,1.406264305114746,-7.313375473022461,7.148746967315674
train,reid,2,0,0.9556930661201477,-1.1385520696640015,0.872058093547821,1.4585304260253906,0.5156099796295166,-1.2084282636642456,3.6788175106048584,-2.288395404815674
train,reid,2,10,1.3771806955337524,-1.271867275238037,0.32318928837776184,1.7282230854034424,0.07772277295589447,-1.5398476123809814,4.022693634033203,-2.214881658554077
train,reid,2,20,1.7972720861434937,-1.397066593170166,-0.24250490963459015,1.991703748703003,-0.3687704801559448,-1.8650556802749634,4.340219020843506,-2.116645336151123
train,reid,2,30,2.215529441833496,-1.5121270418167114,-0.829368531703949,2.247026205062866,-0.826357364654541,-2.1826281547546387,4.624626159667969,-1.9877409934997559
train,reid,2,40,2.6294374465942383,-1.6157747507095337,-1.4354851245880127,2.4921183586120605,-1.2932801246643066,-2.4903485774993896,4.872191429138184,-1.8270599842071533
train,reid,2,50,3.037450075149536,-1.707320213317871,-2.0595247745513916,2.7257325649261475,-1.7684208154678345,-2.7869462966918945,5.080905437469482,-1.6342090368270874
train,reid,2,60,3.437342643737793,-1.7862415313720703,-2.6982624530792236,2.946519613265991,-2.2493419647216797,-3.070833444595337,5.249499797821045,-1.4101589918136597
train,reid,2,70,3.827937126159668,-1.8524460792541504,-3.349616527557373,3.1538443565368652,-2.7345993518829346,-3.3413209915161133,5.377867698669434,-1.1560132503509521
train,reid,2,80,4.207727909088135,-1.9061732292175293,-4.009926795959473,3.3472466468811035,-3.2217016220092773,-3.597708225250244,5.467118740081787,-0.8743363618850708
train,reid,2,90,4.575809001922607,-1.9477331638336182,-4.676636695861816,3.526517391204834,-3.7090015411376953,-3.839712142944336,5.518435955047607,-0.5672280192375183
train,reid,2,100,4.931523323059082,-1.9778177738189697,-5.346628665924072,3.69195556640625,-4.194493293762207,-4.067366600036621,5.534285545349121,-0.23768338561058044
train,reid,3,0,0.842978835105896,-1.0554381608963013,0.8962803483009338,1.3432775735855103,0.5591964721679688,-1.092514991760254,3.425881862640381,-2.1571366786956787
train,reid,3,10,1.2637197971343994,-1.1950347423553467,0.36617162823677063,1.6177880764007568,0.1325802057981491,-1.427180528640747,3.7914042472839355,-2.1056017875671387
train,reid,3,20,1.6839350461959839,-1.327786922454834,-0.17915961146354675,1.887552261352539,-0.30196648836135864,-1.7568399906158447,4.134692192077637,-2.032463788986206
train,reid,3,30,2.1004319190979004,-1.450725793838501,-0.7405698299407959,2.1488137245178223,-0.7440915107727051,-2.077831268310547,4.446488857269287,-1.932060718536377
train,reid,3,40,2.509445905685425,-1.5619665384292603,-1.3150084018707275,2.3985185623168945,-1.1910549402236938,-2.3868181705474854,4.721340656280518,-1.8028285503387451
train,reid,3,50,2.9082229137420654,-1.6605842113494873,-1.8990848064422607,2.6348068714141846,-1.6401844024658203,-2.6816444396972656,4.956789493560791,-1.6450868844985962
train,reid,3,60,3.2933216094970703,-1.7455098628997803,-2.4884226322174072,2.8553824424743652,-2.0880939960479736,-2.959686279296875,5.150022506713867,-1.4594895839691162
train,reid,3,70,3.662126064300537,-1.8162189722061157,-3.0789289474487305,3.058715581893921,-2.5317695140838623,-3.219130277633667,5.299868106842041,-1.247499942779541
train,reid,3,80,4.012908935546875,-1.8727420568466187,-3.666977882385254,3.2440924644470215,-2.9686970710754395,-3.4590206146240234,5.40680456161499,-1.011282205581665
train,reid,3,90,4.343362808227539,-1.915064811706543,-4.247872829437256,3.410501003265381,-3.3956048488616943,-3.678044557571411,5.471275329589844,-0.7535560131072998
train,reid,3,100,4.652623653411865,-1.943732500076294,-4.81850004196167,3.5579421520233154,-3.810530662536621,-3.8760814666748047,5.495266914367676,-0.4771406054496765
train,reid,4,0,-0.20500138401985168,-0.04200722277164459,0.25077390670776367,0.0023706129286438227,0.5053898096084595,0.208992138504982,-0.030726725235581398,0.11843118816614151
train,reid,4,10,0.08048150688409805,-0.05155119672417641,-0.33868637681007385,0.11336337774991989,0.0759306252002716,0.031329378485679626,-0.07662628591060638,0.43319225311279297
train,reid,4,20,0.3348741829395294,-0.045582324266433716,-0.9027805328369141,0.19981376826763153,-0.3302992284297943,-0.11879377067089081,-0.1672307699918747,0.76075279712677
train,reid,4,30,0.5744222402572632,-0.03418516740202904,-1.4489192962646484,0.2764999568462372,-0.7217562198638916,-0.2570236623287201,-0.27198654413223267,1.0872963666915894
train,reid,4,40,0.8024992942810059,-0.01818636618554592,-1.9821553230285645,0.3453155755996704,-1.1023261547088623,-0.385819673538208,-0.38903605937957764,1.4142978191375732
train,reid,4,50,1.0209710597991943,0.001998539548367262,-2.505460023880005,0.4072616994380951,-1.4742732048034668,-0.5065203309059143,-0.517514169216156,1.7427592277526855
train,reid,4,60,1.2314401865005493,0.0261223204433918,-3.0216333866119385,0.4631136655807495,-1.8396780490875244,-0.6202126145362854,-0.657033383846283,2.073855400085449
train,reid,4,70,1.4348602294921875,0.054153166711330414,-3.5326714515686035,0.5132161974906921,-2.200002908706665,-0.7274667620658875,-0.8077900409698486,2.4087114334106445
train,reid,4,80,1.632913589477539,0.08553888648748398,-4.040727138519287,0.558661162853241,-2.55696439743042,-0.829610288143158,-0.9683467745780945,2.7475790977478027
train,reid,4,90,1.8254691362380981,0.12049338966608047,-4.546138763427734,0.599193811416626,-2.9107258319854736,-0.9264209270477295,-1.1394503116607666,3.091066360473633
train,reid,4,100,2.0138866901397705,0.1586100310087204,-5.050725936889648,0.6356607675552368,-3.262744188308716,-1.0189472436904907,-1.3200695514678955,3.439500570297241
train,reid,5,0,-0.6907004117965698,0.43453964591026306,-0.05238159000873566,-0.6251686811447144,0.4777192771434784,0.8136443495750427,-1.6443904638290405,1.1812174320220947
train,reid,5,10,-0.4191797077655792,0.5098108053207397,-0.8378773331642151,-0.5943315625190735,-0.06545800715684891,0.6950765252113342,-1.9791221618652344,1.7569350004196167
train,reid,5,20,-0.22366967797279358,0.6380525827407837,-1.5970141887664795,-0.6355661153793335,-0.5720553398132324,0.6535709500312805,-2.4733188152313232,2.410865545272827
train,reid,5,30,-0.07065913081169128,0.7877637147903442,-2.3167450428009033,-0.7086349129676819,-1.0430852174758911,0.6501995325088501,-3.0267786979675293,3.079446315765381
train,reid,5,40,0.059998489916324615,0.9514871835708618,-3.0208468437194824,-0.7999144792556763,-1.498249888420105,0.6685881018638611,-3.6195855140686035,3.7632482051849365
train,reid,5,50,0.18382135033607483,1.1228773593902588,-3.7261555194854736,-0.8984813690185547,-1.9518935680389404,0.6958007216453552,-4.234406471252441,4.460930347442627
train,reid,5,60,0.313091903924942,1.2969986200332642,-4.446415424346924,-0.9957955479621887,-2.415642499923706,0.7216111421585083,-4.857850551605225,5.171788692474365
train,reid,5,70,0.45421087741851807,1.470821738243103,-5.187665939331055,-1.087072730064392,-2.8949191570281982,0.7404343485832214,-5.481426239013672,5.894111156463623
train,reid,5,80,0.6109222173690796,1.643061637878418,-5.95485782623291,-1.169969916343689,-3.3937368392944336,0.749308168888092,-6.1019134521484375,6.6286163330078125
train,reid,5,90,0.7845618724822998,1.8128890991210938,-6.748994827270508,-1.2433953285217285,-3.9130797386169434,0.7469480633735657,-6.716984748840332,7.374542236328125
train,reid,5,100,0.9763579368591309,1.9804682731628418,-7.573254108428955,-1.3071067333221436,-4.455177307128906,0.7327401638031006,-7.327637195587158,8.134093284606934
train,reid,6,0,-0.5374141931533813,0.3136219382286072,-0.051175594329833984,-0.4596899151802063,0.4353386163711548,0.646975576877594,-1.2576725482940674,0.9629378318786621
train,reid,6,10,-0.2641960084438324,0.3350689113140106,-0.699601948261261,-0.381069540977478,-0.026144511997699738,0.4959433674812317,-1.4097137451171875,1.367629051208496
train,reid,6,20,-0.04851493984460831,0.3911791443824768,-1.3151466846466064,-0.3522166609764099,-0.4526146948337555,0.3995223045349121,-1.6639959812164307,1.8142526149749756
train,reid,6,30,0.13188989460468292,0.47200262546539307,-1.9167375564575195,-0.3557571470737457,-0.8610650897026062,0.338334858417511,-1.9907798767089844,2.295504093170166
train,reid,6,40,0.2912026345729828,0.5762977004051208,-2.5310144424438477,-0.3854031562805176,-1.2711091041564941,0.30330798029899597,-2.389558792114258,2.8245327472686768
train,reid,6,50,0.4413641095161438,0.7024407386779785,-3.179149627685547,-0.43538805842399597,-1.6984760761260986,0.28647467494010925,-2.8581488132476807,3.4107089042663574
train,reid,6,60,0.5912227034568787,0.8497774600982666,-3.878188133239746,-0.5019387602806091,-2.1556687355041504,0.2822149097919464,-3.396768093109131,4.062591552734375
train,reid,6,70,0.7459486126899719,1.0180439949035645,-4.6386189460754395,-0.583040177822113,-2.6502368450164795,0.2873675227165222,-4.0062384605407715,4.785769939422607
train,reid,6,80,0.9106658697128296,1.205837607383728,-5.467800617218018,-0.6757189035415649,-3.1879212856292725,0.29805806279182434,-4.683359146118164,5.581945896148682
train,reid,6,90,1.0873726606369019,1.4119091033935547,-6.3669891357421875,-0.7783229351043701,-3.7699778079986572,0.3123834431171417,-5.424699783325195,6.449680328369141
train,reid,6,100,1.2773609161376953,1.6347715854644775,-7.335419654846191,-0.8893124461174011,-4.396300792694092,0.3286861777305603,-6.2258710861206055,7.38589334487915
train,reid,7,0,-0.5900029540061951,0.37017306685447693,-0.09491997957229614,-0.5324726104736328,0.42668724060058594,0.7154344916343689,-1.4490281343460083,1.0925384759902954
train,reid,7,10,-0.32296329736709595,0.4071617126464844,-0.7707138657569885,-0.47047168016433716,-0.04857056587934494,0.5774995684623718,-1.6537221670150757,1.539650797843933
train,reid,7,20,-0.11585748195648193,0.47927168011665344,-1.4091615676879883,-0.4600731432437897,-0.48559850454330444,0.49593958258628845,-1.9616332054138184,2.026609182357788
train,reid,7,30,0.06197532266378403,0.5695517659187317,-2.030400276184082,-0.4750642776489258,-0.9045493602752686,0.4422684609889984,-2.3221583366394043,2.53477144241333
train,reid,7,40,0.22501131892204285,0.6732909679412842,-2.6529815196990967,-0.5060728788375854,-1.3203909397125244,0.40507370233535767,-2.7230124473571777,3.0664830207824707
train,reid,7,50,0.38217872381210327,0.7890076041221619,-3.292069911956787,-0.5485429167747498,-1.7445282936096191,0.3781886696815491,-3.1615304946899414,3.627824306488037
train,reid,7,60,0.5387963652610779,0.9163885712623596,-3.9580912590026855,-0.6002155542373657,-2.184600830078125,0.3582753539085388,-3.63802433013916,4.224235534667969
train,reid,7,70,0.6998760104179382,1.0553371906280518,-4.661421775817871,-0.659134566783905,-2.6481010913848877,0.3423042297363281,-4.153515338897705,4.8614654541015625
train,reid,7,80,0.8675763010978699,1.2064788341522217,-5.408038139343262,-0.7249679565429688,-3.1391541957855225,0.3293793201446533,-4.71058988571167,5.544033527374268
train,reid,7,90,1.0446490049362183,1.3704307079315186,-6.2053303718566895,-0.7972000241279602,-3.662867546081543,0.3182636499404907,-5.3121185302734375,6.277308940887451
train,reid,7,100,1.231566309928894,1.5474886894226074,-7.054924011230469,-0.8758726119995117,-4.220278263092041,0.30889204144477844,-5.959184646606445,7.06277322769165
train,reid,8,0,0.2389761507511139,-0.5026540160179138,0.6256765127182007,0.6042089462280273,0.5812014937400818,-0.3691139817237854,1.5671919584274292,-0.9697704911231995
train,reid,8,10,0.6299314498901367,-0.6192225813865662,0.09717272967100143,0.8472930192947388,0.16295912861824036,-0.6722955107688904,1.860568642616272,-0.8786433935165405
train,reid,8,20,1.017518162727356,-0.7291603684425354,-0.440139502286911,1.0841645002365112,-0.25884220004081726,-0.9690555334091187,2.132798433303833,-0.7704018354415894
train,reid,8,30,1.4020730257034302,-0.8313010931015015,-0.9901443719863892,1.3139617443084717,-0.6867700219154358,-1.2589821815490723,2.3798987865448,-0.6408474445343018
train,reid,8,40,1.7828227281570435,-0.9253690242767334,-1.552039384841919,1.5361536741256714,-1.1202393770217896,-1.541494369506836,2.601135015487671,-0.4899621605873108
train,reid,8,50,2.1589839458465576,-1.011208415031433,-2.124671697616577,1.7502849102020264,-1.5584408044815063,-1.8160699605941772,2.79616379737854,-0.31814131140708923
train,reid,8,60,2.5299484729766846,-1.0887649059295654,-2.706977605819702,1.9560465812683105,-2.0006370544433594,-2.0823452472686768,2.9649300575256348,-0.1259167343378067
train,reid,8,70,2.8949780464172363,-1.1579372882843018,-3.297738790512085,2.1530261039733887,-2.445976972579956,-2.339855909347534,3.1072499752044678,0.0861622542142868
train,reid,8,80,3.253612995147705,-1.2188774347305298,-3.8956735134124756,2.341137409210205,-2.8936266899108887,-2.5884459018707275,3.2237210273742676,0.31708472967147827
train,reid,8,90,3.605475425720215,-1.2717734575271606,-4.499576568603516,2.520345449447632,-3.3428215980529785,-2.828036308288574,3.31503963470459,0.5657958388328552
train,reid,8,100,3.9501426219940186,-1.3167392015457153,-5.108310699462891,2.6905322074890137,-3.7928242683410645,-3.058464527130127,3.381662130355835,0.8314197063446045
train,reid,9,0,0.7050282955169678,-0.8804900050163269,0.6713932156562805,1.1208267211914062,0.477577269077301,-0.8850061297416687,2.790285110473633,-1.6859568357467651
train,reid,9,10,1.116559624671936,-0.9957407712936401,0.09673674404621124,1.371016263961792,0.02678585797548294,-1.2000919580459595,3.075373888015747,-1.5664386749267578
train,reid,9,20,1.5248643159866333,-1.1042249202728271,-0.48708242177963257,1.6150699853897095,-0.4275857210159302,-1.5086628198623657,3.3389101028442383,-1.4291751384735107
train,reid,9,30,1.9281567335128784,-1.2043473720550537,-1.0806576013565063,1.851001501083374,-0.8856260776519775,-1.8087924718856812,3.5759997367858887,-1.2710235118865967
train,reid,9,40,2.3240277767181396,-1.2949657440185547,-1.6818969249725342,2.0769402980804443,-1.3455276489257812,-2.098388671875,3.783388614654541,-1.0911576747894287
train,reid,9,50,2.7105062007904053,-1.375152826309204,-2.289052963256836,2.291337013244629,-1.8057825565338135,-2.3757431507110596,3.9584202766418457,-0.8889579176902771
train,reid,9,60,3.085308074951172,-1.4440350532531738,-2.89961314201355,2.4925618171691895,-2.264376640319824,-2.639009714126587,4.098691940307617,-0.6643426418304443
train,reid,9,70,3.4469361305236816,-1.5008516311645508,-3.5124149322509766,2.6793289184570312,-2.720323324203491,-2.886878490447998,4.201958179473877,-0.41669484972953796
train,reid,9,80,3.793278694152832,-1.5452502965927124,-4.123904705047607,2.8505163192749023,-3.1710205078125,-3.1179049015045166,4.267545223236084,-0.14743727445602417
train,reid,9,90,4.123544692993164,-1.5771842002868652,-4.732675552368164,3.0056917667388916,-3.6155588626861572,-3.331653356552124,4.295432090759277,0.14263169467449188
train,reid,9,100,4.43654727935791,-1.5964484214782715,-5.336697578430176,3.144178628921509,-4.052494525909424,-3.5273118019104004,4.2851948738098145,0.45267254114151
train,reid,10,0,0.9770419597625732,-1.1663241386413574,0.8951813578605652,1.4917855262756348,0.5209517478942871,-1.2381439208984375,3.768645763397217,-2.3485794067382812
train,reid,10,10,1.385176658630371,-1.28925621509552,0.34805113077163696,1.7473068237304688,0.08800917118787766,-1.5554864406585693,4.080470085144043,-2.2580268383026123
train,reid,10,20,1.7939352989196777,-1.4032397270202637,-0.22228311002254486,1.9965267181396484,-0.35799258947372437,-1.8673299551010132,4.362494945526123,-2.1378791332244873
train,reid,10,30,2.203601360321045,-1.507781744003296,-0.8178441524505615,2.2390968799591064,-0.818405032157898,-2.1735966205596924,4.6129560470581055,-1.986160159111023
train,reid,10,40,2.612323760986328,-1.602013111114502,-1.4370392560958862,2.4735450744628906,-1.291847825050354,-2.4727020263671875,4.829352855682373,-1.8022732734680176
train,reid,10,50,3.0185253620147705,-1.6855676174163818,-2.077571153640747,2.6989126205444336,-1.776609182357788,-2.76352596282959,5.010809898376465,-1.586906909942627
train,reid,10,60,3.420487403869629,-1.7581247091293335,-2.7367618083953857,2.9141929149627686,-2.270742177963257,-3.044908046722412,5.1566267013549805,-1.3410687446594238
train,reid,10,70,3.8169336318969727,-1.8198258876800537,-3.411623001098633,3.1189608573913574,-2.7721877098083496,-3.3162078857421875,5.267557621002197,-1.066749095916748
train,reid,10,80,4.206996440887451,-1.870951771736145,-4.099724769592285,3.3130404949188232,-3.279369592666626,-3.57712984085083,5.344717025756836,-0.7658685445785522
train,reid,10,90,4.589503288269043,-1.9118618965148926,-4.797763347625732,3.4961869716644287,-3.790107250213623,-3.827242851257324,5.389561176300049,-0.44100144505500793
train,reid,10,100,4.963811874389648,-1.9431437253952026,-5.50297737121582,3.6685702800750732,-4.302670955657959,-4.066562175750732,5.404176712036133,-0.09480705112218857
train,reid,11,0,-0.7921884059906006,0.5107380151748657,-0.022224625572562218,-0.7286982536315918,0.5228357911109924,0.9172728061676025,-1.8690462112426758,1.2909095287322998
train,reid,11,10,-0.5539242029190063,0.5497415065765381,-0.6380968689918518,-0.6772149801254272,0.08902771025896072,0.7969057559967041,-2.0686302185058594,1.7065911293029785
train,reid,11,20,-0.3548482656478882,0.6152708530426025,-1.2375818490982056,-0.6617414951324463,-0.324917197227478,0.7152743339538574,-2.3462986946105957,2.1588494777679443
train,reid,11,30,-0.17412199079990387,0.6914680600166321,-1.8229427337646484,-0.6607208251953125,-0.7255405783653259,0.650637686252594,-2.6530799865722656,2.6211116313934326
train,reid,11,40,-0.005660281050950289,0.7783002853393555,-2.4069509506225586,-0.6718210577964783,-1.1220262050628662,0.5994395613670349,-2.9904417991638184,3.100750207901001
train,reid,11,50,0.15631821751594543,0.8757991194725037,-3.0018787384033203,-0.6928373575210571,-1.5231704711914062,0.5583348870277405,-3.359957218170166,3.604952812194824
train,reid,11,60,0.3162844181060791,0.9845187067985535,-3.6186013221740723,-0.7225289940834045,-1.9365606307983398,0.5250733494758606,-3.7646923065185547,4.14099645614624
train,reid,11,70,0.47769543528556824,1.105178952217102,-4.266351699829102,-0.7601900100708008,-2.368516683578491,0.4981153905391693,-4.208096504211426,4.715522766113281
train,reid,11,80,0.6432825922966003,1.238895297050476,-4.953721523284912,-0.8056820631027222,-2.824807643890381,0.4765664339065552,-4.6946821212768555,5.335468769073486
train,reid,11,90,0.8147872686386108,1.386232614517212,-5.685947418212891,-0.8588693141937256,-3.308913230895996,0.4598103165626526,-5.226999282836914,6.004885673522949
train,reid,11,100,0.9928428530693054,1.5489208698272705,-6.4688401222229,-0.9209685921669006,-3.8243918418884277,0.44856420159339905,-5.811203956604004,6.730180740356445
train,reid,12,0,0.9898978471755981,-1.161038875579834,0.858234167098999,1.49074125289917,0.49890080094337463,-1.2418406009674072,3.7461330890655518,-2.3197696208953857
train,reid,12,10,1.4015164375305176,-1.2946515083312988,0.33234062790870667,1.7572736740112305,0.07809750735759735,-1.567445993423462,4.094005107879639,-2.2597291469573975
train,reid,12,20,1.807961344718933,-1.4169443845748901,-0.2100599706172943,2.0137670040130615,-0.3498709201812744,-1.8824840784072876,4.405864715576172,-2.169301986694336
train,reid,12,30,2.2090983390808105,-1.5248417854309082,-0.777110755443573,2.257495164871216,-0.7900586724281311,-2.1851751804351807,4.6712164878845215,-2.038581371307373
train,reid,12,40,2.602656602859497,-1.6178075075149536,-1.3656418323516846,2.4870476722717285,-1.2400660514831543,-2.473931312561035,4.888734817504883,-1.868480920791626
train,reid,12,50,2.9872467517852783,-1.6958774328231812,-1.9728591442108154,2.701788902282715,-1.6979429721832275,-2.7480368614196777,5.058784008026123,-1.660749077796936
train,reid,12,60,3.3609232902526855,-1.7594256401062012,-2.5939035415649414,2.901170492172241,-2.160364866256714,-3.006638526916504,5.183014869689941,-1.418872356414795
train,reid,12,70,3.722801446914673,-1.809034824371338,-3.225646734237671,3.08518385887146,-2.62534236907959,-3.2496509552001953,5.263499736785889,-1.1457651853561401
train,reid,12,80,4.071601390838623,-1.8458752632141113,-3.8625121116638184,3.25425386428833,-3.0892298221588135,-3.4770655632019043,5.304452896118164,-0.8466756939888
train,reid,12,90,4.406126499176025,-1.8705964088439941,-4.5004682540893555,3.408332347869873,-3.5493781566619873,-3.688633441925049,5.308260440826416,-0.5251368880271912
train,reid,12,100,4.7256178855896,-1.8843984603881836,-5.134974002838135,3.548069953918457,-4.002885341644287,-3.8846681118011475,5.279102325439453,-0.18586383759975433
train,reid,13,0,-0.7101810574531555,0.4877544641494751,-0.18348611891269684,-0.689048171043396,0.4127648174762726,0.8695101141929626,-1.8622543811798096,1.3701808452606201
train,reid,13,10,-0.4243915379047394,0.504288911819458,-0.8460665345191956,-0.6021081805229187,-0.05984331667423248,0.708271861076355,-2.0016889572143555,1.7744510173797607
train,reid,13,20,-0.1951894462108612,0.5487546324729919,-1.4593117237091064,-0.5591548085212708,-0.4876503646373749,0.597101092338562,-2.2203316688537598,2.1990551948547363
train,reid,13,30,-0.0036691357381641865,0.6128734350204468,-2.0400381088256836,-0.5454838275909424,-0.8855414390563965,0.5196911096572876,-2.493722915649414,2.638369083404541
train,reid,13,40,0.16178114712238312,0.6976824998855591,-2.6149585247039795,-0.5573629140853882,-1.2726489305496216,0.46978962421417236,-2.827993392944336,3.109441041946411
train,reid,13,50,0.31402787566185,0.8035397529602051,-3.211815357208252,-0.5900540351867676,-1.6690421104431152,0.4399765431880951,-3.2273731231689453,3.628718614578247
train,reid,13,60,0.46549439430236816,0.931119441986084,-3.8584439754486084,-0.6393522620201111,-2.0947370529174805,0.423256516456604,-3.697232723236084,4.213257789611816
train,reid,13,70,0.6283688545227051,1.0799075365066528,-4.579272270202637,-0.700238823890686,-2.5675904750823975,0.41203445196151733,-4.238987445831299,4.876010417938232
train,reid,13,80,0.8116322159767151,1.2494513988494873,-5.392355918884277,-0.7690709829330444,-3.1008517742156982,0.40060585737228394,-4.853590488433838,5.6263508796691895
train,reid,13,90,1.0231741666793823,1.4392619132995605,-6.313534736633301,-0.8427078723907471,-3.7060904502868652,0.38389334082603455,-5.54179048538208,6.472268104553223
train,reid,13,100,1.2667070627212524,1.6475789546966553,-7.346729755401611,-0.9185775518417358,-4.386653423309326,0.35855698585510254,-6.299020767211914,7.412776947021484
train,reid,14,0,-0.47057026624679565,0.22274212539196014,0.06336703896522522,-0.34675660729408264,0.4771614372730255,0.5438718795776367,-0.9355084896087646,0.7259116768836975
train,reid,14,10,-0.197734072804451,0.23128485679626465,-0.5486067533493042,-0.2566128969192505,0.037831712514162064,0.3850291967391968,-1.042115569114685,1.0865904092788696
train,reid,14,20,0.025537170469760895,0.26205527782440186,-1.1130069494247437,-0.2032265067100525,-0.3601771593093872,0.26870688796043396,-1.2113306522369385,1.4593002796173096
train,reid,14,30,0.22199854254722595,0.3012081980705261,-1.6406493186950684,-0.16624099016189575,-0.7289075255393982,0.17307142913341522,-1.4010344743728638,1.825249433517456
train,reid,14,40,0.4031584560871124,0.3456340432167053,-2.148019552230835,-0.13886398077011108,-1.081286072731018,0.08947891741991043,-1.6037193536758423,2.1884264945983887
train,reid,14,50,0.5763816237449646,0.3937261700630188,-2.6468520164489746,-0.11708027124404907,-1.4263172149658203,0.012638306245207787,-1.8159866333007812,2.552804946899414
train,reid,14,60,0.7463264465332031,0.4444954991340637,-3.1446001529693604,-0.0983562171459198,-1.769714593887329,-0.06077995523810387,-2.035745859146118,2.920963764190674
train,reid,14,70,0.9156886339187622,0.4978129267692566,-3.646793842315674,-0.08162333071231842,-2.1154990196228027,-0.13242483139038086,-2.2633721828460693,3.295891284942627
train,reid,14,80,1.0859837532043457,0.5535651445388794,-4.156486988067627,-0.06623922288417816,-2.4658944606781006,-0.20326325297355652,-2.4989261627197266,3.6791512966156006
train,reid,14,90,1.258399486541748,0.6116454005241394,-4.675985813140869,-0.05167952552437782,-2.822580337524414,-0.27403995394706726,-2.7424001693725586,4.0719170570373535
train,reid,14,100,1.4333183765411377,0.6721643805503845,-5.206509113311768,-0.037925414741039276,-3.186357021331787,-0.34490907192230225,-2.9943599700927734,4.475092887878418
train,reid,15,0,0.09381535649299622,-0.27369678020477295,0.2644151449203491,0.3232746720314026,0.429303377866745,-0.1184147521853447,0.7286143898963928,-0.3179970681667328
train,reid,15,10,0.38325417041778564,-0.2908002734184265,-0.31280630826950073,0.4420050382614136,0.006570577621459961,-0.30240321159362793,0.7072382569313049,-0.02302301675081253
train,reid,15,20,0.6349154114723206,-0.2892943024635315,-0.8576951026916504,0.5308988094329834,-0.38680705428123474,-0.4527515470981598,0.632390558719635,0.2863461971282959
train,reid,15,30,0.8680083751678467,-0.28110355138778687,-1.3799095153808594,0.6075287461280823,-0.7617200613021851,-0.5880975723266602,0.5400071740150452,0.5944617986679077
train,reid,15,40,1.085630178451538,-0.26745298504829407,-1.8829643726348877,0.674067497253418,-1.1211196184158325,-0.711022138595581,0.4334198534488678,0.9012120366096497
train,reid,15,50,1.2911186218261719,-0.2497880607843399,-2.3701915740966797,0.7329748868942261,-1.4678646326065063,-0.8243663907051086,0.3166814148426056,1.2059638500213623
train,reid,15,60,1.4862072467803955,-0.22850079834461212,-2.844364643096924,0.7851873636245728,-1.8040763139724731,-0.9293997287750244,0.19061920046806335,1.5096246004104614
train,reid,15,70,1.6724112033843994,-0.20421606302261353,-3.307063341140747,0.8317810297012329,-2.131068229675293,-1.0273817777633667,0.05695246160030365,1.8120083808898926
train,reid,15,80,1.8510234355926514,-0.1772608757019043,-3.760266065597534,0.8734913468360901,-2.4503796100616455,-1.1192854642868042,-0.08357219398021698,2.113677978515625
train,reid,15,90,2.0230116844177246,-0.14799179136753082,-4.20507287979126,0.9109796285629272,-2.7629072666168213,-1.2058970928192139,-0.22998443245887756,2.4146249294281006
train,reid,15,100,2.1889419555664062,-0.11633247137069702,-4.642978668212891,0.9443443417549133,-3.0696704387664795,-1.2874863147735596,-0.382772833108902,2.7158758640289307
train,reid,16,0,0.6825447678565979,-0.871079683303833,0.6821876168251038,1.103742003440857,0.48878800868988037,-0.8643871545791626,2.755594253540039,-1.6696751117706299
train,reid,16,10,1.069514274597168,-0.9583700895309448,0.08475608378648758,1.319967269897461,0.03046131320297718,-1.148381233215332,2.9504036903381348,-1.4879237413406372
train,reid,16,20,1.4469085931777954,-1.0386419296264648,-0.5094403028488159,1.527173638343811,-0.4227348268032074,-1.4221192598342896,3.124135971069336,-1.2953304052352905
train,reid,16,30,1.8145725727081299,-1.1116504669189453,-1.1008622646331787,1.725145697593689,-0.8712159395217896,-1.6854605674743652,3.276111125946045,-1.091267704963684
train,reid,16,40,2.171614170074463,-1.1767851114273071,-1.6892375946044922,1.9130349159240723,-1.3146333694458008,-1.9375309944152832,3.404499053955078,-0.8748340606689453
train,reid,16,50,2.516638994216919,-1.233664870262146,-2.2725989818573,2.0900025367736816,-1.7514718770980835,-2.1772842407226562,3.5083794593811035,-0.6464868783950806
train,reid,16,60,2.8483059406280518,-1.2816020250320435,-2.84989857673645,2.2549548149108887,-2.180774211883545,-2.40352463722229,3.5857560634613037,-0.4056384861469269
train,reid,16,70,3.1647727489471436,-1.3199093341827393,-3.419024705886841,2.4065890312194824,-2.60084867477417,-2.614764928817749,3.6347622871398926,-0.15230707824230194
train,reid,16,80,3.464672327041626,-1.3480827808380127,-3.978415012359619,2.543940544128418,-3.0104379653930664,-2.8099026679992676,3.654010534286499,0.11348263174295425
train,reid,16,90,3.745828628540039,-1.365429162979126,-4.525265216827393,2.6655776500701904,-3.407327175140381,-2.9872472286224365,3.641697406768799,0.39130809903144836
train,reid,16,100,4.006755828857422,-1.3715980052947998,-5.057350158691406,2.770623207092285,-3.789846897125244,-3.1457159519195557,3.5969882011413574,0.6805124282836914
train,reid,17,0,-0.8479294776916504,0.6021334528923035,-0.1880875527858734,-0.8428136706352234,0.4474066495895386,1.017959713935852,-2.2153682708740234,1.573406457901001
train,reid,17,10,-0.6471142768859863,0.6574305891990662,-0.772645115852356,-0.821324348449707,0.04394357278943062,0.9311836957931519,-2.4668850898742676,2.0032219886779785
train,reid,17,20,-0.5170331001281738,0.7381694316864014,-1.273019790649414,-0.8469655513763428,-0.2902577519416809,0.9015533924102783,-2.786281108856201,2.4299979209899902
train,reid,17,30,-0.42192238569259644,0.8241473436355591,-1.7104449272155762,-0.8885331749916077,-0.5774354934692383,0.8953651785850525,-3.112088918685913,2.829437732696533
train,reid,17,40,-0.34509655833244324,0.9114408493041992,-2.1100449562072754,-0.9365853071212769,-0.8369889259338379,0.9004300832748413,-3.4353585243225098,3.2090702056884766
train,reid,17,50,-0.27576157450675964,0.9987073540687561,-2.4914498329162598,-0.9861780405044556,-1.0834249258041382,0.9096565246582031,-3.7546966075897217,3.577916383743286
train,reid,17,60,-0.20675209164619446,1.0850918292999268,-2.867847442626953,-1.0340392589569092,-1.3265005350112915,0.9183320999145508,-4.06929349899292,3.942106008529663
train,reid,17,70,-0.1348026841878891,1.1708269119262695,-3.246994733810425,-1.0792945623397827,-1.5716570615768433,0.9247336387634277,-4.381092071533203,4.306612968444824
train,reid,17,80,-0.058641787618398666,1.2567250728607178,-3.6338086128234863,-1.1222269535064697,-1.8221462965011597,0.9286226630210876,-4.693340301513672,4.675741672515869
train,reid,17,90,0.024210134521126747,1.3425512313842773,-4.032992362976074,-1.161792516708374,-2.081432342529297,0.9284083247184753,-5.006002426147461,5.0517964363098145
train,reid,17,100,0.11253529042005539,1.4294500350952148,-4.445014953613281,-1.1994805335998535,-2.3494386672973633,0.925541341304779,-5.322812557220459,5.437131881713867
train,reid,18,0,-0.26949506998062134,0.06292767822742462,0.09205511212348938,-0.12494302541017532,0.43828216195106506,0.31934043765068054,-0.40416431427001953,0.40815579891204834
train,reid,18,10,0.022339731454849243,0.0636211484670639,-0.5374205708503723,-0.020848490297794342,-0.01658935658633709,0.14420656859874725,-0.4872525632381439,0.7636408805847168
train,reid,18,20,0.2753285765647888,0.08690278232097626,-1.1419285535812378,0.05016343668103218,-0.44644713401794434,0.005387779325246811,-0.6363962292671204,1.143977165222168
train,reid,18,30,0.5059520602226257,0.12204596400260925,-1.7283093929290771,0.10364716500043869,-0.8597190380096436,-0.11341264098882675,-0.818878710269928,1.5341676473617554
train,reid,18,40,0.7222715616226196,0.1681208610534668,-2.311558485031128,0.14335790276527405,-1.2674498558044434,-0.21753615140914917,-1.033769965171814,1.9412100315093994
train,reid,18,50,0.9298430681228638,0.22498884797096252,-2.903294801712036,0.17144276201725006,-1.6779674291610718,-0.3103642165660858,-1.2821578979492188,2.371520757675171
train,reid,18,60,1.1334959268569946,0.2922383248806,-3.5128402709960938,0.19001896679401398,-2.098015546798706,-0.3949989974498749,-1.5640032291412354,2.829728126525879
train,reid,18,70,1.3360888957977295,0.3704822361469269,-4.147977352142334,0.19960758090019226,-2.5329184532165527,-0.4727793335914612,-1.882230281829834,3.3213605880737305
train,reid,18,80,1.5396572351455688,0.4601690173149109,-4.814245700836182,0.2005608230829239,-2.9864237308502197,-0.5446266531944275,-2.2389914989471436,3.850397825241089
train,reid,18,90,1.747443675994873,0.5611462593078613,-5.518174171447754,0.19420140981674194,-3.463207960128784,-0.6125658750534058,-2.634650945663452,4.4202880859375
train,reid,18,100,1.9598479270935059,0.6741033792495728,-6.262481689453125,0.18004679679870605,-3.9649059772491455,-0.6763977408409119,-3.071796417236328,5.033827781677246
train,reid,19,0,-0.7904261350631714,0.5865471959114075,-0.2854715585708618,-0.8127676248550415,0.38102245330810547,0.9819375276565552,-2.2002639770507812,1.6110343933105469
train,reid,19,10,-0.5481448769569397,0.6395465731620789,-0.9509600400924683,-0.7739864587783813,-0.08202582597732544,0.8688371777534485,-2.454439640045166,2.0815298557281494
train,reid,19,20,-0.3719695508480072,0.7299480438232422,-1.5718011856079102,-0.790561318397522,-0.5011641383171082,0.8169144988059998,-2.8175454139709473,2.591726303100586
train,reid,19,30,-0.22816811501979828,0.8379994630813599,-2.1671342849731445,-0.8327549695968628,-0.8963338136672974,0.7942505478858948,-3.2302169799804688,3.1172921657562256
train,reid,19,40,-0.10382896661758423,0.9593230485916138,-2.7532942295074463,-0.892145037651062,-1.2806355953216553,0.7906047701835632,-3.6810903549194336,3.6599340438842773
train,reid,19,50,0.00936298817396164,1.0923559665679932,-3.344254732131958,-0.9644483327865601,-1.6644991636276245,0.8001664280891418,-4.167277812957764,4.224991798400879
train,reid,19,60,0.11922253668308258,1.234404444694519,-3.9497900009155273,-1.0445289611816406,-2.055781602859497,0.8166818022727966,-4.6817426681518555,4.8133225440979
train,reid,19,70,0.23160308599472046,1.383742094039917,-4.578085422515869,-1.1288402080535889,-2.460841655731201,0.8356583118438721,-5.220311641693115,5.426591396331787
train,reid,19,80,0.34960559010505676,1.5396251678466797,-5.2340087890625,-1.2157021760940552,-2.8833749294281006,0.8548282384872437,-5.781441688537598,6.0663275718688965
train,reid,19,90,0.47755125164985657,1.7008334398269653,-5.923680782318115,-1.3025020360946655,-3.3281633853912354,0.8708685636520386,-6.362155437469482,6.733855724334717
train,reid,19,100,0.616578221321106,1.8670215606689453,-6.648771286010742,-1.388641595840454,-3.796502113342285,0.8829072117805481,-6.96175479888916,7.429563522338867
train,reid,20,0,0.9302396178245544,-1.1149187088012695,0.8657785058021545,1.4272620677947998,0.5183557271957397,-1.1800609827041626,3.606736660003662,-2.2431840896606445
train,reid,20,10,1.3399810791015625,-1.2442445755004883,0.3324447274208069,1.68899667263031,0.09315803647041321,-1.5019268989562988,3.9398956298828125,-2.171919107437134
train,reid,20,20,1.748874306678772,-1.3657026290893555,-0.21791289746761322,1.9449481964111328,-0.3408249616622925,-1.8179453611373901,4.247453212738037,-2.0762670040130615
train,reid,20,30,2.1533918380737305,-1.476035237312317,-0.7863866686820984,2.190993309020996,-0.7834609150886536,-2.1241447925567627,4.519268989562988,-1.9499225616455078
train,reid,20,40,2.550656795501709,-1.573921799659729,-1.3703382015228271,2.4248902797698975,-1.232458472251892,-2.418048620223999,4.751579284667969,-1.7920887470245361
train,reid,20,50,2.9381942749023438,-1.6583633422851562,-1.9672739505767822,2.6447770595550537,-1.6858139038085938,-2.6976535320281982,4.9415693283081055,-1.6024876832962036
train,reid,20,60,3.3131704330444336,-1.728743076324463,-2.572924852371216,2.848966360092163,-2.1403541564941406,-2.960963010787964,5.087804794311523,-1.3825238943099976
train,reid,20,70,3.673884868621826,-1.7850115299224854,-3.1839632987976074,3.0366830825805664,-2.5937509536743164,-3.2069921493530273,5.19047212600708,-1.1340759992599487
train,reid,20,80,4.018630504608154,-1.8272302150726318,-3.7967782020568848,3.2072014808654785,-3.0435450077056885,-3.434831142425537,5.250119209289551,-0.8593953251838684
train,reid,20,90,4.346583843231201,-1.8560075759887695,-4.408267021179199,3.360585927963257,-3.487825393676758,-3.6444430351257324,5.268909454345703,-0.5614253878593445
train,reid,20,100,4.656802654266357,-1.8719663619995117,-5.014925479888916,3.4969210624694824,-3.924318790435791,-3.8356709480285645,5.24911642074585,-0.24331361055374146
train,reid,21,0,0.611090898513794,-0.8451008200645447,0.7899399995803833,1.0604987144470215,0.5661051273345947,-0.8140645027160645,2.7121896743774414,-1.6993211507797241
train,reid,21,10,0.9904286861419678,-0.9369117617607117,0.22062015533447266,1.2779741287231445,0.12547987699508667,-1.0965359210968018,2.925189971923828,-1.5419960021972656
train,reid,21,20,1.3641865253448486,-1.0247396230697632,-0.34696462750434875,1.4903485774993896,-0.3123600482940674,-1.3731663227081299,3.126312255859375,-1.378319263458252
train,reid,21,30,1.7336602210998535,-1.1087530851364136,-0.914968729019165,1.6982365846633911,-0.7489621639251709,-1.6448010206222534,3.3157944679260254,-1.2074438333511353
train,reid,21,40,2.0983004570007324,-1.188496470451355,-1.4833508729934692,1.9010400772094727,-1.1841392517089844,-1.910832166671753,3.492233991622925,-1.0286040306091309
train,reid,21,50,2.457306385040283,-1.2636772394180298,-2.051180839538574,2.098210573196411,-1.6171356439590454,-2.1706109046936035,3.654839515686035,-0.8418154120445251
train,reid,21,60,2.8099822998046875,-1.3338755369186401,-2.6180717945098877,2.2891249656677246,-2.047542095184326,-2.4234750270843506,3.802361488342285,-0.6465691328048706
train,reid,21,70,3.155540943145752,-1.3988434076309204,-3.1830332279205322,2.4732675552368164,-2.4745826721191406,-2.6688191890716553,3.934147357940674,-0.4429927468299866
train,reid,21,80,3.49353289604187,-1.4585208892822266,-3.745262861251831,2.650418281555176,-2.897653579711914,-2.9063377380371094,4.050107479095459,-0.2314397394657135
train,reid,21,90,3.8228278160095215,-1.5126315355300903,-4.303125858306885,2.8199148178100586,-3.315499782562256,-3.1352040767669678,4.149575710296631,-0.012355867773294449
train,reid,21,100,4.142268180847168,-1.560732364654541,-4.855350017547607,2.9809205532073975,-3.727073907852173,-3.354478120803833,4.231327056884766,0.21429361402988434
train,reid,22,0,0.05185335874557495,-0.29686009883880615,0.43714451789855957,0.3386858105659485,0.5334961414337158,-0.11700958758592606,0.8502155542373657,-0.47254878282546997
train,reid,22,10,0.3986680805683136,-0.3681316077709198,-0.1182897537946701,0.5261552333831787,0.10904981940984726,-0.36769407987594604,1.0006250143051147,-0.2860487699508667
train,reid,22,20,0.7347637414932251,-0.4350084662437439,-0.6622360348701477,0.7061324715614319,-0.30547255277633667,-0.6092888116836548,1.138925313949585,-0.09818395227193832
train,reid,22,30,1.0638152360916138,-0.4988158047199249,-1.1989502906799316,0.8811349868774414,-0.7135558724403381,-0.8447903394699097,1.2687406539916992,0.09105169773101807
train,reid,22,40,1.3856709003448486,-0.5593157410621643,-1.7286877632141113,1.0508930683135986,-1.1152942180633545,-1.0739541053771973,1.3892948627471924,0.2822267413139343
train,reid,22,50,1.700596809387207,-0.616421103477478,-2.2521934509277344,1.2154347896575928,-1.5112046003341675,-1.296886920928955,1.5002456903457642,0.4759032130241394
train,reid,22,60,2.008349895477295,-0.6698774099349976,-2.7696237564086914,1.3744450807571411,-1.901322603225708,-1.513292908668518,1.6007797718048096,0.6726195216178894
train,reid,22,70,2.30881404876709,-0.7196592092514038,-3.2807517051696777,1.527854323387146,-2.2854843139648438,-1.7230815887451172,1.6908478736877441,0.8722836375236511
train,reid,22,80,2.601759433746338,-0.7655115127563477,-3.7857553958892822,1.675355315208435,-2.663752794265747,-1.9259675741195679,1.769640326499939,1.0754486322402954
train,reid,22,90,2.8873469829559326,-0.8074379563331604,-4.284972667694092,1.8170082569122314,-3.0363991260528564,-2.122058391571045,1.8371392488479614,1.2822853326797485
train,reid,22,100,3.1650307178497314,-0.8453380465507507,-4.777467727661133,1.9525291919708252,-3.402700901031494,-2.3109517097473145,1.8931329250335693,1.4924558401107788
train,reid,23,0,-0.5743964314460754,0.3801628053188324,-0.16750474274158478,-0.5392703413963318,0.3842986226081848,0.7156740427017212,-1.5023090839385986,1.158440113067627
train,reid,23,10,-0.3023330271244049,0.37735453248023987,-0.7488245964050293,-0.44030067324638367,-0.03568926826119423,0.5513564348220825,-1.571413278579712,1.4832580089569092
train,reid,23,20,-0.07808388769626617,0.38979166746139526,-1.2677346467971802,-0.3716028332710266,-0.4051898121833801,0.4247492849826813,-1.6799877882003784,1.7995535135269165
train,reid,23,30,0.11676537990570068,0.4091685712337494,-1.7407609224319458,-0.319030225276947,-0.7391418218612671,0.3197377324104309,-1.8036198616027832,2.101598024368286
train,reid,23,40,0.28880563378334045,0.4348963499069214,-2.1804845333099365,-0.27973324060440063,-1.0469002723693848,0.23210473358631134,-1.9421032667160034,2.3956727981567383
train,reid,23,50,0.44379907846450806,0.46599313616752625,-2.5966572761535645,-0.25078773498535156,-1.335902214050293,0.15785545110702515,-2.093614101409912,2.6856651306152344
train,reid,23,60,0.5847570300102234,0.502561092376709,-2.996023178100586,-0.23122446238994598,-1.6110119819641113,0.09529368579387665,-2.2593557834625244,2.9756569862365723
train,reid,23,70,0.7151572704315186,0.5443356037139893,-3.3852646350860596,-0.2195373922586441,-1.8771886825561523,0.04219973832368851,-2.439321994781494,3.2689833641052246
train,reid,23,80,0.836766242980957,0.5912285447120667,-3.7679333686828613,-0.2150374799966812,-2.137040138244629,-0.002496840199455619,-2.6337404251098633,3.567556381225586
train,reid,23,90,0.9517114162445068,0.6432377696037292,-4.14853048324585,-0.21692508459091187,-2.3938724994659424,-0.04007288068532944,-2.8431200981140137,3.873910903930664
train,reid,23,100,1.0620747804641724,0.7003142833709717,-4.53130578994751,-0.22440491616725922,-2.6508071422576904,-0.07178632915019989,-3.0678563117980957,4.190363883972168
train,reid,24,0,0.6366924047470093,-0.8448003530502319,0.7086354494094849,1.0645676851272583,0.5156435370445251,-0.8222072720527649,2.6777963638305664,-1.638255000114441
train,reid,24,10,1.059687852859497,-0.9519627094268799,0.08672665804624557,1.3115261793136597,0.03306563198566437,-1.1398403644561768,2.931645154953003,-1.4784144163131714
train,reid,24,20,1.4805389642715454,-1.0535954236984253,-0.5442016124725342,1.5537573099136353,-0.4536399245262146,-1.4525460004806519,3.1677606105804443,-1.3031656742095947
train,reid,24,30,1.8997960090637207,-1.1491329669952393,-1.186697006225586,1.7909672260284424,-0.9460524320602417,-1.7602957487106323,3.384087085723877,-1.1101233959197998
train,reid,24,40,2.3155925273895264,-1.2373864650726318,-1.8398761749267578,2.021428108215332,-1.4431829452514648,-2.0612781047821045,3.577070474624634,-0.897707462310791
train,reid,24,50,2.726112127304077,-1.3179298639297485,-2.5010037422180176,2.2441022396087646,-1.9429233074188232,-2.3541524410247803,3.745723009109497,-0.6667153239250183
train,reid,24,60,3.1295254230499268,-1.3899884223937988,-3.168315887451172,2.4575939178466797,-2.443819046020508,-2.6374099254608154,3.8878567218780518,-0.416826069355011
train,reid,24,70,3.52421236038208,-1.4531519412994385,-3.839444875717163,2.660923957824707,-2.944054365158081,-2.909843683242798,4.002471923828125,-0.14867837727069855
train,reid,24,80,3.9084887504577637,-1.5072201490402222,-4.511437892913818,2.853257656097412,-3.441467761993408,-3.170361042022705,4.089290142059326,0.13638600707054138
train,reid,24,90,4.280826091766357,-1.551822543144226,-5.182132244110107,3.0336155891418457,-3.9344675540924072,-3.4178779125213623,4.147378921508789,0.43771547079086304
train,reid,24,100,4.640047073364258,-1.5870929956436157,-5.848765850067139,3.2016220092773438,-4.421138763427734,-3.6517951488494873,4.177454948425293,0.7534779906272888
train,reid,25,0,-0.1833895593881607,-0.06546144187450409,0.28408485651016235,0.03367554396390915,0.5166705846786499,0.17698325216770172,0.06287415325641632,0.04906965047121048
train,reid,25,10,0.0922962874174118,-0.06834833323955536,-0.3020916283130646,0.1353827863931656,0.09092211723327637,0.00897348765283823,-0.002598992083221674,0.37397295236587524
train,reid,25,20,0.3258112967014313,-0.05011659488081932,-0.8542829751968384,0.20374876260757446,-0.3036600351333618,-0.12152528017759323,-0.1289687603712082,0.7170100808143616
train,reid,25,30,0.5363290905952454,-0.023407723754644394,-1.3791003227233887,0.25673675537109375,-0.6755108833312988,-0.23332525789737701,-0.2778863310813904,1.059274673461914
train,reid,25,40,0.7294011116027832,0.009873196482658386,-1.8833099603652954,0.29796484112739563,-1.03010892868042,-0.3308138847351074,-0.4443516135215759,1.4012961387634277
train,reid,25,50,0.90866619348526,0.04854943975806236,-2.3715975284576416,0.32975924015045166,-1.3712553977966309,-0.41684943437576294,-0.6253054141998291,1.7437055110931396
train,reid,25,60,1.077478289604187,0.09099313616752625,-2.8469009399414062,0.3547174036502838,-1.7015925645828247,-0.4943679869174957,-0.8161377906799316,2.0853638648986816
train,reid,25,70,1.2369741201400757,0.1372603327035904,-3.3118326663970947,0.3731882572174072,-2.0230109691619873,-0.5640063881874084,-1.0173543691635132,2.427893877029419
train,reid,25,80,1.3894188404083252,0.18565484881401062,-3.766829490661621,0.3874548077583313,-2.336371421813965,-0.628113329410553,-1.2237969636917114,2.7685885429382324
train,reid,25,90,1.5349645614624023,0.23694320023059845,-4.214242935180664,0.39690345525741577,-2.643144369125366,-0.6863181591033936,-1.4381202459335327,3.1101608276367188
train,reid,25,100,1.6746891736984253,0.2895146310329437,-4.652202606201172,0.40328747034072876,-2.942477226257324,-0.7402051687240601,-1.655177116394043,3.4487338066101074
train,reid,26,0,0.5032393932342529,-0.7236020565032959,0.6751042008399963,0.9045976996421814,0.5352219343185425,-0.6671165227890015,2.289729356765747,-1.4045119285583496
train,reid,26,10,0.8882303833961487,-0.8313992023468018,0.13643044233322144,1.138432502746582,0.11178652942180634,-0.9621173739433289,2.5561044216156006,-1.2923215627670288
train,reid,26,20,1.2688087224960327,-0.9337531924247742,-0.4062215983867645,1.3665313720703125,-0.31230342388153076,-1.2509244680404663,2.805485486984253,-1.1678766012191772
train,reid,26,30,1.647566556930542,-1.030731201171875,-0.9583237767219543,1.5899250507354736,-0.7410870790481567,-1.5351914167404175,3.0374701023101807,-1.0282487869262695
train,reid,26,40,2.024106979370117,-1.122278094291687,-1.5192140340805054,1.8084162473678589,-1.1740727424621582,-1.8146620988845825,3.2519681453704834,-0.8737227916717529
train,reid,26,50,2.397146224975586,-1.2077791690826416,-2.087815999984741,2.020972967147827,-1.6103014945983887,-2.088219165802002,3.4471917152404785,-0.7038384675979614
train,reid,26,60,2.7663352489471436,-1.2872086763381958,-2.6635241508483887,2.2274210453033447,-2.0493462085723877,-2.355666160583496,3.6231229305267334,-0.5189138650894165
train,reid,26,70,3.130643606185913,-1.3600994348526,-3.245425224304199,2.426939010620117,-2.4904212951660156,-2.616128921508789,3.7784056663513184,-0.318668931722641
train,reid,26,80,3.4892568588256836,-1.4264676570892334,-3.8317630290985107,2.6192150115966797,-2.932274103164673,-2.8691389560699463,3.913285732269287,-0.10413361340761185
train,reid,26,90,3.8416285514831543,-1.4860420227050781,-4.422180652618408,2.8037517070770264,-3.374600410461426,-3.1142494678497314,4.026941776275635,0.12491544336080551
train,reid,26,100,4.187150478363037,-1.5389156341552734,-5.015139102935791,2.9803972244262695,-3.8163061141967773,-3.3511428833007812,4.119821071624756,0.36744415760040283
train,reid,27,0,-0.6040151119232178,0.36088502407073975,-0.041116632521152496,-0.5263829827308655,0.4591435194015503,0.7163176536560059,-1.4088859558105469,1.0435092449188232
train,reid,27,10,-0.3802172839641571,0.4437038004398346,-0.7482517957687378,-0.5200204849243164,-0.023665212094783783,0.631394624710083,-1.7604814767837524,1.5900682210922241
train,reid,27,20,-0.22484862804412842,0.5812880396842957,-1.4524481296539307,-0.5854502320289612,-0.48534125089645386,0.6205312013626099,-2.2820425033569336,2.232074499130249
train,reid,27,30,-0.10766878724098206,0.7389498353004456,-2.124466896057129,-0.6808311939239502,-0.9164972901344299,0.6448356509208679,-2.8607337474823,2.8910911083221436
train,reid,27,40,-0.019801834598183632,0.9107365012168884,-2.767443895339966,-0.7977365255355835,-1.3216509819030762,0.6954113245010376,-3.4782140254974365,3.558361291885376
train,reid,27,50,0.04666218161582947,1.0916541814804077,-3.385138511657715,-0.9290160536766052,-1.7053718566894531,0.7645472884178162,-4.119396209716797,4.2272047996521
train,reid,27,60,0.09721506386995316,1.2788362503051758,-3.9819202423095703,-1.070241928100586,-2.0719215869903564,0.8472349047660828,-4.775936603546143,4.895071983337402
train,reid,27,70,0.1346711665391922,1.4698944091796875,-4.557566165924072,-1.2183842658996582,-2.4220821857452393,0.94038325548172,-5.440409183502197,5.557669162750244
train,reid,27,80,0.1607392430305481,1.6637858152389526,-5.113156318664551,-1.3719813823699951,-2.7570834159851074,1.0423541069030762,-6.109767913818359,6.213840484619141
train,reid,27,90,0.17728497087955475,1.858557939529419,-5.647635459899902,-1.528692364692688,-3.0769357681274414,1.150842308998108,-6.777802467346191,6.859563827514648
train,reid,27,100,0.18247409164905548,2.0546650886535645,-6.158384323120117,-1.6896722316741943,-3.3796639442443848,1.2672662734985352,-7.445739269256592,7.494285583496094
train,reid,28,0,-0.09952301532030106,-0.1778372824192047,0.43816572427749634,0.17537939548492432,0.575713038444519,0.04677236080169678,0.471666157245636,-0.2588315010070801
train,reid,28,10,0.2550882399082184,-0.26837122440338135,-0.08197582513093948,0.3825162947177887,0.17101746797561646,-0.21977142989635468,0.6862660646438599,-0.12635000050067902
train,reid,28,20,0.5973769426345825,-0.3512614369392395,-0.5951473712921143,0.5787939429283142,-0.2257952094078064,-0.47413790225982666,0.878119707107544,0.01585872657597065
train,reid,28,30,0.9346269369125366,-0.43029847741127014,-1.1070966720581055,0.7702672481536865,-0.6202561259269714,-0.7230311036109924,1.0584162473678589,0.16432669758796692
train,reid,28,40,1.2668424844741821,-0.5055049061775208,-1.6178216934204102,0.9569567441940308,-1.012389063835144,-0.9664827585220337,1.2272390127182007,0.3190160095691681
train,reid,28,50,1.5941298007965088,-0.5769382119178772,-2.127426862716675,1.1389491558074951,-1.402289867401123,-1.2046014070510864,1.3847589492797852,0.47987937927246094
train,reid,28,60,1.9161547422409058,-0.6443795561790466,-2.635834217071533,1.3159209489822388,-1.78983473777771,-1.4370702505111694,1.5303016901016235,0.6472546458244324
train,reid,28,70,2.2327353954315186,-0.7076752185821533,-3.1430704593658447,1.487662672996521,-2.174995183944702,-1.6636979579925537,1.663388729095459,0.8214133381843567
train,reid,28,80,2.5437400341033936,-0.7668477296829224,-3.648850917816162,1.6541320085525513,-2.5575733184814453,-1.8844316005706787,1.7841167449951172,1.0021494626998901
train,reid,28,90,2.8487389087677,-0.8217238187789917,-4.152774810791016,1.815000295639038,-2.937221050262451,-2.0989251136779785,1.8919819593429565,1.1895251274108887
train,reid,28,100,3.147721529006958,-0.8722842931747437,-4.65491247177124,1.9702324867248535,-3.3139874935150146,-2.3071768283843994,1.986911416053772,1.3835954666137695
train,reid,29,0,-0.06358330696821213,-0.21410436928272247,0.4493233263492584,0.22107785940170288,0.5709601044654846,0.003959835506975651,0.5835752487182617,-0.3255451023578644
train,reid,29,10,0.29409974813461304,-0.2835122048854828,-0.13391472399234772,0.4111314117908478,0.12672536075115204,-0.2525785565376282,0.7254153490066528,-0.12091312557458878
train,reid,29,20,0.6414617300033569,-0.34606102108955383,-0.7129833698272705,0.5916911959648132,-0.31215083599090576,-0.4988202452659607,0.8465605974197388,0.09354361891746521
train,reid,29,30,0.9835208654403687,-0.40446799993515015,-1.2912765741348267,0.766946017742157,-0.7489158511161804,-0.7393708825111389,0.9550446271896362,0.3148854374885559
train,reid,29,40,1.3198996782302856,-0.4589030146598816,-1.8675495386123657,0.9369057416915894,-1.1827348470687866,-0.974107563495636,1.0515556335449219,0.5421198010444641
train,reid,29,50,1.6497862339019775,-0.5086824297904968,-2.4418749809265137,1.1006731986999512,-1.6134499311447144,-1.2021441459655762,1.133972406387329,0.7764849662780762
train,reid,29,60,1.973416805267334,-0.5542917251586914,-3.013474702835083,1.2587584257125854,-2.0406579971313477,-1.4239039421081543,1.2038947343826294,1.0166972875595093
train,reid,29,70,2.2900938987731934,-0.595322847366333,-3.5819530487060547,1.4105451107025146,-2.4639406204223633,-1.638733148574829,1.2601054906845093,1.2632408142089844
train,reid,29,80,2.5998566150665283,-0.6318157315254211,-4.147291660308838,1.556075096130371,-2.8833184242248535,-1.846681833267212,1.3027290105819702,1.516042947769165
train,reid,29,90,2.9020538330078125,-0.6636450886726379,-4.708449363708496,1.694998860359192,-3.2979815006256104,-2.0472869873046875,1.3315035104751587,1.774723768234253
train,reid,29,100,3.196396589279175,-0.6906256675720215,-5.265321731567383,1.8270372152328491,-3.707826852798462,-2.2402753829956055,1.3458666801452637,2.039546489715576
val,reid,0,0,-0.5831351280212402,0.35290321707725525,-0.048258762806653976,-0.5106492042541504,0.4510306715965271,0.6970757842063904,-1.3763536214828491,1.0255824327468872
val,reid,0,10,-0.3283255696296692,0.39772069454193115,-0.7171810269355774,-0.45858681201934814,-0.01833004504442215,0.5701853036880493,-1.6015886068344116,1.4815161228179932
val,reid,0,50,0.2614942789077759,0.7554444074630737,-2.932736873626709,-0.5549259185791016,-1.5000555515289307,0.4283011257648468,-2.996741533279419,3.361607789993286
val,reid,0,100,0.06329989433288574,1.6029632091522217,-4.692974090576172,-1.3434979915618896,-2.490591526031494,1.0586308240890503,-5.8372087478637695,5.856903076171875
val,reid,1,0,-0.6296324729919434,0.38483765721321106,-0.062429968267679214,-0.5589218735694885,0.45541101694107056,0.7495320439338684,-1.4983725547790527,1.104911208152771
val,reid,1,10,-0.3467535972595215,0.4153748154640198,-0.7557141780853271,-0.48495838046073914,-0.034625887870788574,0.5982578992843628,-1.6852821111679077,1.551069974899292
val,reid,1,50,0.14410501718521118,0.834054172039032,-2.9052610397338867,-0.6670284271240234,-1.4524532556533813,0.5493500828742981,-3.255793809890747,3.497316598892212
val,reid,1,100,0.06271477043628693,1.723865270614624,-4.982510089874268,-1.4302421808242798,-2.670452117919922,1.1225472688674927,-6.232850074768066,6.2256669998168945
val,reid,2,0,-0.7565397620201111,0.5140918493270874,-0.14889197051525116,-0.7273494005203247,0.44471055269241333,0.910304605960846,-1.9337224960327148,1.392706036567688
val,reid,2,10,-0.47006285190582275,0.5628043413162231,-0.894123375415802,-0.6672648787498474,-0.07858157157897949,0.7667366862297058,-2.179861307144165,1.897774577140808
val,reid,2,50,0.08859052509069443,1.2555683851242065,-3.8770463466644287,-1.0383212566375732,-2.014334201812744,0.8319758176803589,-4.665097236633301,4.782571315765381
val,reid,2,100,0.8014960885047913,2.745269775390625,-9.146894454956055,-1.9734468460083008,-5.332738876342773,1.281383991241455,-9.840344429016113,10.365104675292969
val,reid,3,0,0.7682710886001587,-1.0234804153442383,0.9693731069564819,1.2902214527130127,0.6182178258895874,-1.0306272506713867,3.3391714096069336,-2.1427359580993652
val,reid,3,10,1.188183307647705,-1.1826555728912354,0.4923974573612213,1.581452488899231,0.2243104875087738,-1.3759483098983765,3.771169662475586,-2.1551809310913086
val,reid,3,50,2.848325252532959,-1.7085717916488647,-1.6440801620483398,2.6586921215057373,-1.469653606414795,-2.6723995208740234,5.137681484222412,-1.8707566261291504
val,reid,3,100,4.636075973510742,-2.000492811203003,-4.629598140716553,3.6104512214660645,-3.6816329956054688,-3.89434552192688,5.695591449737549,-0.6781561374664307
val,reid,4,0,-0.10608133673667908,-0.19645129144191742,0.498452365398407,0.19274719059467316,0.6094014048576355,0.03713074326515198,0.5415756106376648,-0.326720267534256
val,reid,4,10,0.24522942304611206,-0.2732362747192383,-0.05183239281177521,0.38632702827453613,0.1872195303440094,-0.21952596306800842,0.7095518112182617,-0.1530745029449463
val,reid,4,50,1.5395320653915405,-0.520505964756012,-2.1690375804901123,1.0711348056793213,-1.4196250438690186,-1.1433236598968506,1.2082257270812988,0.600238025188446
val,reid,4,100,2.9854674339294434,-0.7294651865959167,-4.70154333114624,1.784043312072754,-3.309399127960205,-2.1339848041534424,1.5398142337799072,1.654363989830017
val,reid,5,0,-0.08647795021533966,-0.16554155945777893,0.3547683656215668,0.16373097896575928,0.5274987816810608,0.05365150794386864,0.40036043524742126,-0.1763853281736374
val,reid,5,10,0.24215959012508392,-0.2231614589691162,-0.19839540123939514,0.3327404260635376,0.10886085033416748,-0.17825260758399963,0.5088379979133606,0.03288953751325607
val,reid,5,50,1.4432982206344604,-0.40561842918395996,-2.2921395301818848,0.9286502599716187,-1.4636600017547607,-1.0095609426498413,0.8107299208641052,0.8873844146728516
val,reid,5,100,2.7773404121398926,-0.548648476600647,-4.767559051513672,1.5450139045715332,-3.2948896884918213,-1.8976778984069824,0.9465165138244629,2.025148868560791
val,reid,6,0,0.24561497569084167,-0.4685259461402893,0.49192842841148376,0.5677739381790161,0.5081719160079956,-0.34188735485076904,1.4119820594787598,-0.815582811832428
val,reid,6,10,0.6049859523773193,-0.5540007948875427,-0.05199035257101059,0.7722710967063904,0.08829839527606964,-0.6083388924598694,1.6078286170959473,-0.6606400609016418
val,reid,6,50,1.9615505933761597,-0.8439332246780396,-2.187020778656006,1.5194402933120728,-1.5430821180343628,-1.593590259552002,2.2377586364746094,0.029868781566619873
val,reid,6,100,3.4705758094787598,-1.0821959972381592,-4.7726149559021,2.28495192527771,-3.4776971340179443,-2.6370320320129395,2.655946969985962,1.06802237033844
val,reid,7,0,-0.6559796333312988,0.3964478075504303,-0.029447218403220177,-0.5775569677352905,0.4794361889362335,0.7694205045700073,-1.5216896533966064,1.102574110031128
val,reid,7,10,-0.386794775724411,0.42139095067977905,-0.6793504953384399,-0.5038865804672241,0.018931919708848,0.6230852007865906,-1.6858853101730347,1.514592170715332
val,reid,7,50,0.20566338300704956,0.74595046043396,-2.8206331729888916,-0.5694238543510437,-1.419434666633606,0.45651257038116455,-2.9694876670837402,3.2942428588867188
val,reid,7,100,0.563488245010376,1.4015909433364868,-5.287441730499268,-0.9789911508560181,-2.982820987701416,0.6197490096092224,-5.289154529571533,5.831055641174316
val,reid,8,0,-0.860210657119751,0.5890942811965942,-0.1211017370223999,-0.831791877746582,0.4877946972846985,1.0161398649215698,-2.160672187805176,1.5072827339172363
val,reid,8,10,-0.6258807182312012,0.6443756818771362,-0.7743162512779236,-0.7971627116203308,0.03399762511253357,0.9083248376846313,-2.418059825897217,1.973874568939209
val,reid,8,50,-0.14958515763282776,1.1302694082260132,-3.070908784866333,-1.043634295463562,-1.4652646780014038,0.9116306900978088,-4.215847492218018,4.1279215812683105
val,reid,8,100,0.029748938977718353,1.9758830070495605,-5.606334686279297,-1.6715538501739502,-3.0148887634277344,1.31116783618927,-7.1189141273498535,7.052652359008789
val,reid,9,0,0.6945777535438538,-0.8846701383590698,0.697534441947937,1.1216293573379517,0.49397438764572144,-0.8812499046325684,2.8046605587005615,-1.7056357860565186
val,reid,9,10,1.0930556058883667,-0.9853549003601074,0.11168400943279266,1.3540705442428589,0.0398268923163414,-1.1803419589996338,3.0433013439178467,-1.5546660423278809
val,reid,9,50,2.631087064743042,-1.3126792907714844,-2.299099922180176,2.207000494003296,-1.7954529523849487,-2.2947351932525635,3.7617135047912598,-0.7751203179359436
val,reid,9,100,4.424365520477295,-1.5318042039871216,-5.51176643371582,3.0794677734375,-4.161955833435059,-3.4905905723571777,4.059028148651123,0.6547998785972595
val,reid,10,0,0.7584261298179626,-0.9495458602905273,0.7445825338363647,1.206272840499878,0.501079261302948,-0.9625095725059509,3.026413917541504,-1.8539689779281616
val,reid,10,10,1.1541008949279785,-1.0303723812103271,0.11091714352369308,1.4197168350219727,0.01853370852768421,-1.2480345964431763,3.1965620517730713,-1.6405234336853027
val,reid,10,50,2.63607120513916,-1.292476773262024,-2.3611624240875244,2.188453435897827,-1.843887448310852,-2.291428804397583,3.698275327682495,-0.711921215057373
val,reid,10,100,4.2764997482299805,-1.4626810550689697,-5.393484115600586,2.9461405277252197,-4.074702739715576,-3.3717923164367676,3.852794647216797,0.6957488656044006
val,reid,11,0,-0.19474093616008759,-0.06253045052289963,0.28155049681663513,0.0254974365234375,0.5183375477790833,0.1906544715166092,0.03805186599493027,0.06506682932376862
val,reid,11,10,0.12825818359851837,-0.09055014699697495,-0.3377005457878113,0.16615960001945496,0.061907120048999786,-0.020412469282746315,0.04601215198636055,0.3635501563549042
val,reid,11,50,1.223636507987976,-0.10933421552181244,-2.6349966526031494,0.5796402096748352,-1.6034550666809082,-0.6930786371231079,-0.18630972504615784,1.6171379089355469
val,reid,11,100,2.4523861408233643,-0.027801871299743652,-5.4741716384887695,0.9592466950416565,-3.626063346862793,-1.3909509181976318,-0.7926670908927917,3.342926502227783
val,reid,12,0,-0.6049178242683411,0.37647584080696106,-0.10482525080442429,-0.5454975366592407,0.42468899488449097,0.7323794960975647,-1.486301302909851,1.1213583946228027
val,reid,12,10,-0.3738204836845398,0.4317513704299927,-0.7548575401306152,-0.5117087364196777,-0.028047069907188416,0.6258335709571838,-1.743064045906067,1.5869673490524292
val,reid,12,50,-0.00041357765439897776,0.9808860421180725,-3.0224227905273438,-0.8509714603424072,-1.4852094650268555,0.7245380282402039,-3.7381200790405273,3.836669921875
val,reid,12,100,0.059476133435964584,1.9690614938735962,-5.7286529541015625,-1.6629058122634888,-3.101853132247925,1.2783530950546265,-7.13269567489624,7.1108574867248535
val,reid,13,0,0.06578259915113449,-0.2918030917644501,0.37396666407585144,0.3348807096481323,0.4955456852912903,-0.11603379994630814,0.8075317740440369,-0.41605058312416077
val,reid,13,10,0.4032737612724304,-0.34557342529296875,-0.20787134766578674,0.503382682800293,0.05803873762488365,-0.3509143590927124,0.9003221988677979,-0.18394534289836884
val,reid,13,50,1.6507792472839355,-0.5062379837036133,-2.4577407836914062,1.094663143157959,-1.6180509328842163,-1.1969629526138306,1.1137464046478271,0.7963134050369263
val,reid,13,100,3.0818207263946533,-0.6361250281333923,-5.178861618041992,1.7292402982711792,-3.6226534843444824,-2.136302947998047,1.1750500202178955,2.0944366455078125
val,reid,14,0,0.5510022044181824,-0.749043345451355,0.6211332082748413,0.941157341003418,0.49231675267219543,-0.706230878829956,2.3468878269195557,-1.4077425003051758
val,reid,14,10,0.9442800283432007,-0.8379059433937073,0.01390256080776453,1.161325216293335,0.025912979617714882,-0.9951186180114746,2.545454502105713,-1.2236626148223877
val,reid,14,50,2.4688901901245117,-1.136441707611084,-2.4538848400115967,1.9803649187088013,-1.8445472717285156,-2.0858583450317383,3.162107229232788,-0.36275050044059753
val,reid,14,100,4.258083820343018,-1.3742972612380981,-5.629826068878174,2.856403112411499,-4.195616245269775,-3.2956812381744385,3.510925769805908,1.0073074102401733
val,reid,15,0,-0.2762983441352844,0.02159023843705654,0.2512628734111786,-0.08086287975311279,0.5241901278495789,0.2855325937271118,-0.21599848568439484,0.22360071539878845
val,reid,15,10,0.00803303997963667,0.00651122909039259,-0.3194679021835327,0.03431469202041626,0.10640894621610641,0.1055418998003006,-0.2420554906129837,0.517753005027771
val,reid,15,50,0.9460898041725159,0.07180478423833847,-2.500234603881836,0.3140604496002197,-1.4496101140975952,-0.4198177754878998,-0.7220693826675415,1.8558250665664673
val,reid,15,100,1.9124438762664795,0.2659878432750702,-5.067959308624268,0.49683254957199097,-3.2470197677612305,-0.8867323994636536,-1.6439322233200073,3.63222336769104
val,reid,16,0,-0.03788867965340614,-0.15098395943641663,0.19067375361919403,0.15928535163402557,0.4266614019870758,0.04300393909215927,0.3064707815647125,-0.04220830276608467
val,reid,16,10,0.2877737581729889,-0.1864008754491806,-0.41575396060943604,0.307332307100296,-0.022611767053604126,-0.17367666959762573,0.3382107615470886,0.23685359954833984
val,reid,16,50,1.4063564538955688,-0.2481679916381836,-2.6526787281036377,0.7663426399230957,-1.657769799232483,-0.8841314315795898,0.24506711959838867,1.3841434717178345
val,reid,16,100,2.640199661254883,-0.24575263261795044,-5.295254230499268,1.2181562185287476,-3.5652904510498047,-1.6290943622589111,-0.09093213826417923,2.867263078689575
val,reid,17,0,-0.6922357678413391,0.47109857201576233,-0.16025668382644653,-0.6649519801139832,0.420168399810791,0.842210590839386,-1.789466381072998,1.317543864250183
val,reid,17,10,-0.45615747570991516,0.5184542536735535,-0.7949621081352234,-0.6227697134017944,-0.02351650781929493,0.7286418676376343,-2.019308567047119,1.7596136331558228
val,reid,17,50,0.007854923605918884,0.9706775546073914,-2.9744009971618652,-0.8457836508750916,-1.451870322227478,0.7179623246192932,-3.696753978729248,3.7830333709716797
val,reid,17,100,0.24676412343978882,1.6885228157043457,-5.317920684814453,-1.356177806854248,-2.9117584228515625,1.002566933631897,-6.191173553466797,6.361832141876221
val,reid,18,0,-0.4175611436367035,0.2268351912498474,-0.06793705374002457,-0.3369344174861908,0.3943571150302887,0.5209218859672546,-0.9818755984306335,0.813994824886322
val,reid,18,10,-0.15436707437038422,0.2564011812210083,-0.7132142782211304,-0.2694203555583954,-0.061712976545095444,0.3807980716228485,-1.1586356163024902,1.2302969694137573
val,reid,18,50,0.4488711953163147,0.5806944370269775,-2.8515498638153076,-0.33207958936691284,-1.5030683279037476,0.20940226316452026,-2.4342293739318848,3.0010461807250977
val,reid,18,100,1.034982681274414,1.1108614206314087,-5.453821182250977,-0.5613784193992615,-3.2162208557128906,0.1706952154636383,-4.385369777679443,5.391445159912109
val,reid,19,0,-0.6446451544761658,0.3972795307636261,-0.045678552240133286,-0.5736830234527588,0.4692297875881195,0.7624194622039795,-1.5227030515670776,1.1081976890563965
val,reid,19,10,-0.36953461170196533,0.4249191880226135,-0.710968017578125,-0.49857544898986816,-0.004205973353236914,0.6129997372627258,-1.6930195093154907,1.531242847442627
val,reid,19,50,0.2877298891544342,0.8129330277442932,-3.130948543548584,-0.5876312851905823,-1.6352572441101074,0.4451982080936432,-3.1916322708129883,3.5761680603027344
val,reid,19,100,0.9787981510162354,1.5063406229019165,-6.362163543701172,-0.9002346992492676,-3.751218795776367,0.44275960326194763,-5.711673259735107,6.623857498168945
