latent_dim,split,source,frame,seed,networks,shared_mse,ljonly_mse,difference
4,train,lj_noisy,0,123,5,5.752678106318853e-07,9.421872505299689e-07,-3.6691943989808345e-07
4,train,lj_noisy,0,456,5,9.299275802732154e-07,7.108950171641482e-07,2.1903256310906722e-07
4,train,lj_noisy,0,786,5,2.950931985878924e-07,1.4811018445470836e-06,-1.1860086459591912e-06
4,train,lj_noisy,0,2026,5,6.277807187871076e-07,1.6217692518694093e-06,-9.939885330823017e-07
4,train,lj_noisy,0,3456456,5,2.543891056916436e-07,7.182271588135336e-07,-4.6383805312189e-07
4,train,lj_noisy,5,123,5,3.7607961047569913e-07,7.232966027004295e-07,-3.4721699222473034e-07
4,train,lj_noisy,5,456,5,6.693008515412657e-07,4.3498683908183013e-07,2.3431401245943563e-07
4,train,lj_noisy,5,786,5,2.0983928763484983e-07,1.1464159115348593e-06,-9.365766239000095e-07
4,train,lj_noisy,5,2026,5,4.2899140169083693e-07,1.3080631333650672e-06,-8.790717316742302e-07
4,train,lj_noisy,5,3456456,5,1.7774795324498882e-07,5.140345137988334e-07,-3.3628656055384453e-07
4,train,lj_noisy,10,123,5,2.5145783979496625e-07,5.889044416562683e-07,-3.3744660186130206e-07
4,train,lj_noisy,10,456,5,4.739063228953455e-07,2.6822897325473605e-07,2.0567734964060947e-07
4,train,lj_noisy,10,786,5,1.6415269641356644e-07,8.911665531741165e-07,-7.2701385676055e-07
4,train,lj_noisy,10,2026,5,2.885302265553946e-07,1.0581567039480434e-06,-7.696264773926487e-07
4,train,lj_noisy,10,3456456,5,1.4459451804782475e-07,3.792175732542091e-07,-2.3462305520638438e-07
4,train,lj_noisy,25,123,5,3.688200479246007e-07,6.856672314370371e-07,-3.1684718351243644e-07
4,train,lj_noisy,25,456,5,3.8339657066899234e-07,3.302377479030838e-07,5.3158822765908574e-08
4,train,lj_noisy,25,786,5,3.6050484197858173e-07,7.091804491210496e-07,-3.4867560714246795e-07
4,train,lj_noisy,25,2026,5,3.477833899978577e-07,8.568221119276132e-07,-5.090387219297554e-07
4,train,lj_noisy,25,3456456,5,3.4870449781010395e-07,4.33805610100535e-07,-8.510111229043105e-08
4,train,lj_noisy,50,123,5,1.72357124483824e-06,2.013171251746826e-06,-2.896000069085858e-07
4,train,lj_noisy,50,456,5,1.5357548363681417e-06,1.5637566775694721e-06,-2.800184120133045e-08
4,train,lj_noisy,50,786,5,1.6678632391631253e-06,1.924722755575203e-06,-2.5685951641207796e-07
4,train,lj_noisy,50,2026,5,1.629043458706292e-06,2.0110281639063033e-06,-3.819847052000114e-07
4,train,lj_noisy,50,3456456,5,1.5916129086690488e-06,1.7672246485744836e-06,-1.7561173990543466e-07
4,train,lj_noisy,75,123,5,4.111893849767511e-06,4.617208105628379e-06,-5.05314255860867e-07
4,train,lj_noisy,75,456,5,4.057969226778368e-06,4.065567100042244e-06,-7.597873263876039e-09
4,train,lj_noisy,75,786,5,4.241912165525719e-06,4.6959596147644335e-06,-4.5404744923871477e-07
4,train,lj_noisy,75,2026,5,4.132905360165751e-06,4.625489600584842e-06,-4.925842404190918e-07
4,train,lj_noisy,75,3456456,5,4.032200695291976e-06,4.4448924199969045e-06,-4.1269172470492774e-07
4,train,lj_noisy,100,123,5,7.858355729695177e-06,8.671281193528557e-06,-8.129254638333805e-07
4,train,lj_noisy,100,456,5,8.128053559630644e-06,7.961962273839162e-06,1.6609128579148059e-07
4,train,lj_noisy,100,786,5,8.155768318829359e-06,8.791807795205387e-06,-6.360394763760267e-07
4,train,lj_noisy,100,2026,5,8.215241723519285e-06,8.464922757411841e-06,-2.4968103389255704e-07
4,train,lj_noisy,100,3456456,5,7.801138144714059e-06,8.25708357297117e-06,-4.559454282571096e-07
4,train,lj_noisy,125,123,5,1.2904165123472921e-05,1.3910821326135193e-05,-1.0066562026622705e-06
4,train,lj_noisy,125,456,5,1.332781776000047e-05,1.3049575318291318e-05,2.7824244170915403e-07
4,train,lj_noisy,125,786,5,1.305733803746989e-05,1.4037438631930854e-05,-9.801005944609631e-07
4,train,lj_noisy,125,2026,5,1.3391703396337106e-05,1.3478588152793236e-05,-8.688475645612959e-08
4,train,lj_noisy,125,3456456,5,1.2654211604967714e-05,1.3159525406081229e-05,-5.053138011135158e-07
4,train,lj_noisy,149,123,5,1.868368235591333e-05,2.005382575589465e-05,-1.370143399981317e-06
4,train,lj_noisy,149,456,5,1.893822754936991e-05,1.901238938444294e-05,-7.416183507302674e-08
4,train,lj_noisy,149,786,5,1.8532752437749878e-05,2.025701614911668e-05,-1.7242637113668046e-06
4,train,lj_noisy,149,2026,5,1.895814057206735e-05,1.9455095389275813e-05,-4.969548172084628e-07
4,train,lj_noisy,149,3456456,5,1.8169908253184984e-05,1.921168131957529e-05,-1.0417730663903054e-06
4,train,lj_noisy,175,123,5,2.6324502323404884e-05,2.8464614661061206e-05,-2.14011233765632e-06
4,train,lj_noisy,175,456,5,2.6347033781348728e-05,2.7181525365449487e-05,-8.344915841007605e-07
4,train,lj_noisy,175,786,5,2.6006971893366426e-05,2.8732583450619133e-05,-2.725611557252705e-06
4,train,lj_noisy,175,2026,5,2.64147027337458e-05,2.760476418188773e-05,-1.1900614481419324e-06
4,train,lj_noisy,175,3456456,5,2.5573380116838963e-05,2.790579237625934e-05,-2.33241225942038e-06
4,train,lj_noisy,199,123,5,3.501854298519902e-05,3.814770607277751e-05,-3.129163087578491e-06
4,train,lj_noisy,199,456,5,3.5288501749164425e-05,3.6472990905167536e-05,-1.1844891560031087e-06
4,train,lj_noisy,199,786,5,3.481757703411858e-05,3.825024250545539e-05,-3.432665471336805e-06
4,train,lj_noisy,199,2026,5,3.532274240569677e-05,3.687864627863746e-05,-1.5559038729406914e-06
4,train,lj_noisy,199,3456456,5,3.42149447533302e-05,3.8074664189480245e-05,-3.859719436150044e-06
4,validation,lj_noisy,0,123,20,5.521297705257667e-07,9.79359970187943e-07,-4.2723019966217635e-07
4,validation,lj_noisy,0,456,20,8.536957871285722e-07,7.149650386395478e-07,1.3873074848902435e-07
4,validation,lj_noisy,0,786,20,3.680841798470169e-07,1.4776766533941555e-06,-1.1095924735471384e-06
4,validation,lj_noisy,0,2026,20,7.101009302346029e-07,1.6516751088602178e-06,-9.415741786256149e-07
4,validation,lj_noisy,0,3456456,20,2.6137980491114376e-07,7.476106674175753e-07,-4.862308625064315e-07
4,validation,lj_noisy,5,123,20,3.718377058703481e-07,7.479368747453919e-07,-3.760991688750437e-07
4,validation,lj_noisy,5,456,20,6.178414647450836e-07,4.343089266001243e-07,1.8353253814495928e-07
4,validation,lj_noisy,5,786,20,2.784439782743675e-07,1.1422035697705723e-06,-8.637595914962049e-07
4,validation,lj_noisy,5,2026,20,5.037328001833429e-07,1.3311772590895998e-06,-8.274444589062569e-07
4,validation,lj_noisy,5,3456456,20,1.933234560880237e-07,5.41687114719025e-07,-3.483636586310013e-07
4,validation,lj_noisy,10,123,20,2.6856684645082394e-07,5.946001806478307e-07,-3.2603333419700677e-07
4,validation,lj_noisy,10,456,20,4.4706511062031493e-07,2.6554645771170726e-07,1.815186529086077e-07
4,validation,lj_noisy,10,786,20,2.2205911971440172e-07,8.788154275407578e-07,-6.56756307826356e-07
4,validation,lj_noisy,10,2026,20,3.501809295869407e-07,1.0645138473819315e-06,-7.143329177949909e-07
4,validation,lj_noisy,10,3456456,20,1.6523342321050906e-07,4.031116468183882e-07,-2.3787822360787915e-07
4,validation,lj_noisy,25,123,20,4.6969965410426085e-07,6.240658493084084e-07,-1.5436619520414753e-07
4,validation,lj_noisy,25,456,20,4.300648988930789e-07,3.452912807233588e-07,8.477361816972008e-08
4,validation,lj_noisy,25,786,20,3.6560738223556657e-07,6.590967274178183e-07,-2.9348934518225176e-07
4,validation,lj_noisy,25,2026,20,3.582098138110723e-07,8.143219417888758e-07,-4.561121279778035e-07
4,validation,lj_noisy,25,3456456,20,3.655005741620698e-07,4.5338522056681543e-07,-8.788464640474558e-08
4,validation,lj_noisy,50,123,20,1.909029163016385e-06,1.8597305711409717e-06,4.929859187541301e-08
4,validation,lj_noisy,50,456,20,1.6279003688168813e-06,1.5971662605807069e-06,3.073410823617453e-08
4,validation,lj_noisy,50,786,20,1.5836337951213864e-06,1.7757073010216117e-06,-1.9207350590022543e-07
4,validation,lj_noisy,50,2026,20,1.5765998966799088e-06,1.8765985657864804e-06,-2.9999866910657154e-07
4,validation,lj_noisy,50,3456456,20,1.5850638533265737e-06,1.7572915766095321e-06,-1.7222772328295834e-07
4,validation,lj_noisy,75,123,20,4.193015081455087e-06,4.342687850567017e-06,-1.496727691119304e-07
4,validation,lj_noisy,75,456,20,4.031282344385545e-06,4.062134712512488e-06,-3.0852368126943453e-08
4,validation,lj_noisy,75,786,20,4.0718405671213985e-06,4.386975444958807e-06,-3.151348778374086e-07
4,validation,lj_noisy,75,2026,20,4.014780381567107e-06,4.368739814708533e-06,-3.5395943314142643e-07
4,validation,lj_noisy,75,3456456,20,4.034059384139255e-06,4.359776937690185e-06,-3.2571755355093056e-07
4,validation,lj_noisy,100,123,20,7.757559797028079e-06,8.130420746965683e-06,-3.728609499376033e-07
4,validation,lj_noisy,100,456,20,7.87225721978757e-06,7.856303841435875e-06,1.5953378351696218e-08
4,validation,lj_noisy,100,786,20,7.863491578063986e-06,8.261231505457544e-06,-3.9773992739355884e-07
4,validation,lj_noisy,100,2026,20,7.85985048423754e-06,8.05029212642694e-06,-1.904416421893981e-07
4,validation,lj_noisy,100,3456456,20,7.82932386300672e-06,8.098077228169131e-06,-2.6875336516241073e-07
4,validation,lj_noisy,125,123,20,1.3015600666221872e-05,1.3407109327090438e-05,-3.9150866086856696e-07
4,validation,lj_noisy,125,456,20,1.3142446368874516e-05,1.3129434910297277e-05,1.301145857723887e-08
4,validation,lj_noisy,125,786,20,1.3041269130553702e-05,1.3557365537053557e-05,-5.16096406499855e-07
4,validation,lj_noisy,125,2026,20,1.3103627952659736e-05,1.3213441116022296e-05,-1.0981316336256062e-07
4,validation,lj_noisy,125,3456456,20,1.3072971432848135e-05,1.3311412021721481e-05,-2.384405888733457e-07
4,validation,lj_noisy,149,123,20,1.9590480405895505e-05,2.0158592224106543e-05,-5.681118182110364e-07
4,validation,lj_noisy,149,456,20,1.9456657537375576e-05,1.9826409697998315e-05,-3.6975216062273845e-07
4,validation,lj_noisy,149,786,20,1.952810066541133e-05,2.0387474205563193e-05,-8.593735401518648e-07
4,validation,lj_noisy,149,2026,20,1.9528827806425397e-05,1.9934136571464477e-05,-4.0530876503908135e-07
4,validation,lj_noisy,149,3456456,20,1.955193524736387e-05,2.0113277196287525e-05,-5.613419489236555e-07
4,validation,lj_noisy,175,123,20,2.867734756364371e-05,2.97290815069573e-05,-1.0517339433135926e-06
4,validation,lj_noisy,175,456,20,2.8418434703780802e-05,2.9326176900212886e-05,-9.077421964320822e-07
4,validation,lj_noisy,175,786,20,2.87387078969914e-05,3.0085212074482115e-05,-1.346504177490715e-06
4,validation,lj_noisy,175,2026,20,2.8731251040881035e-05,2.9465826901287074e-05,-7.3457586040604e-07
4,validation,lj_noisy,175,3456456,20,2.8671047493844527e-05,3.0030867219466017e-05,-1.3598197256214924e-06
4,validation,lj_noisy,199,123,20,3.9341466708719965e-05,4.063091773787164e-05,-1.289451029151678e-06
4,validation,lj_noisy,199,456,20,3.917294261555071e-05,4.027001714348444e-05,-1.097074527933727e-06
4,validation,lj_noisy,199,786,20,3.937167994081392e-05,4.108290531803505e-05,-1.7112253772211254e-06
4,validation,lj_noisy,199,2026,20,3.960194626415614e-05,4.031181324534882e-05,-7.098669811926771e-07
4,validation,lj_noisy,199,3456456,20,3.958431780120009e-05,4.1736917683010685e-05,-2.1525998818106023e-06
8,train,lj_noisy,0,123,5,1.6156841908809838e-07,1.1114349490526364e-06,-9.498665299645382e-07
8,train,lj_noisy,0,456,5,2.494287542731399e-07,6.248320119084383e-07,-3.7540325763529837e-07
8,train,lj_noisy,0,786,5,3.346968441064746e-07,6.794844068735984e-07,-3.447875627671238e-07
8,train,lj_noisy,0,2026,5,4.51766698006395e-07,1.6870426634341128e-06,-1.235275965427718e-06
8,train,lj_noisy,0,3456456,5,1.2817940728382382e-06,1.1926466640943547e-06,8.914740874388355e-08
8,train,lj_noisy,5,123,5,8.579042543033212e-08,8.803927585177007e-07,-7.946023330873686e-07
8,train,lj_noisy,5,456,5,1.6666784006247328e-07,4.7461965664297167e-07,-3.0795181658049844e-07
8,train,lj_noisy,5,786,5,2.0926385673192273e-07,5.204800515912211e-07,-3.112161948592984e-07
8,train,lj_noisy,5,2026,5,3.0256699403707896e-07,1.3678656387128286e-06,-1.0652986446757495e-06
8,train,lj_noisy,5,3456456,5,8.856023896441911e-07,8.857768307279912e-07,-1.7444108380004765e-10
8,train,lj_noisy,10,123,5,6.912799221936439e-08,7.067607100452733e-07,-6.376327178259089e-07
8,train,lj_noisy,10,456,5,1.29081562505462e-07,3.778914845042891e-07,-2.488099219988271e-07
8,train,lj_noisy,10,786,5,1.3878385658472324e-07,4.060616390688665e-07,-2.672777824841432e-07
8,train,lj_noisy,10,2026,5,2.183345308992557e-07,1.1122140449515427e-06,-8.938795140522871e-07
8,train,lj_noisy,10,3456456,5,5.826043889101129e-07,6.657704602730519e-07,-8.316607136293896e-08
8,train,lj_noisy,25,123,5,3.75648573935905e-07,6.505781868781924e-07,-2.7492961294228737e-07
8,train,lj_noisy,25,456,5,3.496764350074955e-07,4.871464057032426e-07,-1.3746997069574717e-07
8,train,lj_noisy,25,786,5,3.264179497364239e-07,4.6013383894205615e-07,-1.3371588920563226e-07
8,train,lj_noisy,25,2026,5,3.847085167762998e-07,8.906941047825967e-07,-5.059855880062969e-07
8,train,lj_noisy,25,3456456,5,3.56667018763801e-07,5.80671382977016e-07,-2.2400436421321502e-07
8,train,lj_noisy,50,123,5,1.6781179056124528e-06,1.8558468354967772e-06,-1.7772892988432436e-07
8,train,lj_noisy,50,456,5,1.6413145885962877e-06,1.8279862615599995e-06,-1.8667167296371186e-07
8,train,lj_noisy,50,786,5,1.6699180378054735e-06,1.7289756669924828e-06,-5.90576291870093e-08
8,train,lj_noisy,50,2026,5,1.6676041468599578e-06,2.0477251609918312e-06,-3.801210141318733e-07
8,train,lj_noisy,50,3456456,5,1.6971623153949622e-06,1.9306907915961347e-06,-2.3352847620117224e-07
8,train,lj_noisy,75,123,5,4.113989325560396e-06,4.600697411660803e-06,-4.867080861004068e-07
8,train,lj_noisy,75,456,5,4.225141174174496e-06,4.488993272389052e-06,-2.638520982145563e-07
8,train,lj_noisy,75,786,5,4.234660309521132e-06,4.424801045388449e-06,-1.9014073586731685e-07
8,train,lj_noisy,75,2026,5,4.1654374399513475e-06,4.7932009692885915e-06,-6.277635293372439e-07
8,train,lj_noisy,75,3456456,5,4.278562664694619e-06,4.492695279623149e-06,-2.1413261492853052e-07
8,train,lj_noisy,100,123,5,8.026615341805155e-06,8.8989012510865e-06,-8.722859092813457e-07
8,train,lj_noisy,100,456,5,8.119911308313022e-06,8.387641992158024e-06,-2.677306838450025e-07
8,train,lj_noisy,100,786,5,8.20682189441868e-06,8.438141867372905e-06,-2.313199729542248e-07
8,train,lj_noisy,100,2026,5,8.094579516182421e-06,8.795757639745717e-06,-7.011781235632952e-07
8,train,lj_noisy,100,3456456,5,8.040703050937736e-06,8.28345182526391e-06,-2.4274877432617357e-07
8,train,lj_noisy,125,123,5,1.2986585352336988e-05,1.4164741332933773e-05,-1.1781559805967849e-06
8,train,lj_noisy,125,456,5,1.2937708197569009e-05,1.3362405115913135e-05,-4.2469691834412585e-07
8,train,lj_noisy,125,786,5,1.3340601435629651e-05,1.3546378795581404e-05,-2.0577735995175317e-07
8,train,lj_noisy,125,2026,5,1.3166915960027836e-05,1.3758135355601554e-05,-5.912193955737176e-07
8,train,lj_noisy,125,3456456,5,1.307412840105826e-05,1.3389343257586006e-05,-3.1521485652774574e-07
8,train,lj_noisy,149,123,5,1.8416979946778157e-05,2.022289754677331e-05,-1.8059175999951546e-06
8,train,lj_noisy,149,456,5,1.8437272774463054e-05,1.9184659140591976e-05,-7.473863661289221e-07
8,train,lj_noisy,149,786,5,1.931331589730689e-05,1.9580086700443644e-05,-2.667708031367524e-07
8,train,lj_noisy,149,2026,5,1.8957080101245083e-05,1.9701609380717856e-05,-7.445292794727711e-07
8,train,lj_noisy,149,3456456,5,1.899055168905761e-05,1.9377280477783642e-05,-3.8672878872603076e-07
8,train,lj_noisy,175,123,5,2.553990707383491e-05,2.9256780180730857e-05,-3.7168731068959444e-06
8,train,lj_noisy,175,456,5,2.6112643536180257e-05,2.7224332734476774e-05,-1.1116891982965175e-06
8,train,lj_noisy,175,786,5,2.7619116008281707e-05,2.8015510542900303e-05,-3.963945346185944e-07
8,train,lj_noisy,175,2026,5,2.6647215054254048e-05,2.820564550347626e-05,-1.5584304492222144e-06
8,train,lj_noisy,175,3456456,5,2.7104361288365907e-05,2.7624532594927587e-05,-5.201713065616787e-07
8,train,lj_noisy,199,123,5,3.391215104784351e-05,4.117399257665966e-05,-7.261841528816149e-06
8,train,lj_noisy,199,456,5,3.51646653143689e-05,3.6532148078549655e-05,-1.367482764180749e-06
8,train,lj_noisy,199,786,5,3.740714455489069e-05,3.7909713500994255e-05,-5.025689461035647e-07
8,train,lj_noisy,199,2026,5,3.526829350448679e-05,3.83785147278104e-05,-3.1102212233236046e-06
8,train,lj_noisy,199,3456456,5,3.637429181253537e-05,3.7218473516986704e-05,-8.441817044513327e-07
8,validation,lj_noisy,0,123,20,1.8703414532694752e-07,1.2018861582419048e-06,-1.0148520129149574e-06
8,validation,lj_noisy,0,456,20,2.5342942873152196e-07,6.206781293371932e-07,-3.672487006056713e-07
8,validation,lj_noisy,0,786,20,3.470725747689585e-07,6.248192931934682e-07,-2.777467184245097e-07
8,validation,lj_noisy,0,2026,20,4.3517360897027403e-07,1.665155201635571e-06,-1.2299815926652967e-06
8,validation,lj_noisy,0,3456456,20,1.253796710898314e-06,1.1895571759623635e-06,6.423953493595035e-08
8,validation,lj_noisy,5,123,20,1.0951393827340894e-07,9.66847532168913e-07,-8.57333593895504e-07
8,validation,lj_noisy,5,456,20,1.7213213308053812e-07,4.712102267490081e-07,-2.9907809366847006e-07
8,validation,lj_noisy,5,786,20,2.354332984566554e-07,4.7480394016474747e-07,-2.3937064170809207e-07
8,validation,lj_noisy,5,2026,20,3.002957060793676e-07,1.341501896945374e-06,-1.0412061908660064e-06
8,validation,lj_noisy,5,3456456,20,8.683704621148536e-07,8.846663178019298e-07,-1.629585568707625e-08
8,validation,lj_noisy,10,123,20,8.863830647243277e-08,7.856891041768677e-07,-6.970507977044349e-07
8,validation,lj_noisy,10,456,20,1.3375081966415792e-07,3.7211445587104207e-07,-2.3836363620688418e-07
8,validation,lj_noisy,10,786,20,1.765516525864541e-07,3.685066936043313e-07,-1.919550410178772e-07
8,validation,lj_noisy,10,2026,20,2.3127384256582674e-07,1.0802494927020235e-06,-8.489756501361967e-07
8,validation,lj_noisy,10,3456456,20,5.738424228241001e-07,6.652247549254753e-07,-9.138233210137514e-08
8,validation,lj_noisy,25,123,20,3.760918893647158e-07,7.117715007609604e-07,-3.3567961139624457e-07
8,validation,lj_noisy,25,456,20,3.363376514187166e-07,4.6312639909729116e-07,-1.267887476785745e-07
8,validation,lj_noisy,25,786,20,3.8296773823276454e-07,4.3442965775852825e-07,-5.1461919525763725e-08
8,validation,lj_noisy,25,2026,20,4.4073759681850787e-07,8.494901265976295e-07,-4.087525297791217e-07
8,validation,lj_noisy,25,3456456,20,3.8507135116105926e-07,5.842636099373522e-07,-1.9919225877629287e-07
8,validation,lj_noisy,50,123,20,1.6419329796235615e-06,1.8429841531997227e-06,-2.0105117357616106e-07
8,validation,lj_noisy,50,456,20,1.558325689643425e-06,1.728980396364932e-06,-1.7065470672150699e-07
8,validation,lj_noisy,50,786,20,1.656469396493776e-06,1.6559895698264882e-06,4.798266672878208e-10
8,validation,lj_noisy,50,2026,20,1.6961343305865739e-06,1.9855513357924792e-06,-2.894170052059054e-07
8,validation,lj_noisy,50,3456456,20,1.7818416381487624e-06,1.860023263589028e-06,-7.818162544026562e-08
8,validation,lj_noisy,75,123,20,3.993821189851588e-06,4.364227709174884e-06,-3.7040651932329635e-07
8,validation,lj_noisy,75,456,20,4.010174347968132e-06,4.281180406451313e-06,-2.710060584831808e-07
8,validation,lj_noisy,75,786,20,4.088002049229544e-06,4.211270049836458e-06,-1.2326800060691318e-07
8,validation,lj_noisy,75,2026,20,4.052392819176021e-06,4.712384543381631e-06,-6.599917242056109e-07
8,validation,lj_noisy,75,3456456,20,4.292511550829658e-06,4.510076360020321e-06,-2.1756480919066235e-07
8,validation,lj_noisy,100,123,20,7.745170796624734e-06,8.39023855405685e-06,-6.45067757432116e-07
8,validation,lj_noisy,100,456,20,7.751418570478563e-06,8.03982172783435e-06,-2.8840315735578775e-07
8,validation,lj_noisy,100,786,20,7.935006055959094e-06,8.000263096619165e-06,-6.525704066007161e-08
8,validation,lj_noisy,100,2026,20,7.819687857590906e-06,8.716003435438324e-06,-8.963155778474171e-07
8,validation,lj_noisy,100,3456456,20,7.89618395629077e-06,8.374868593818974e-06,-4.786846375282034e-07
8,validation,lj_noisy,125,123,20,1.3000798480788944e-05,1.3865080427422072e-05,-8.642819466331273e-07
8,validation,lj_noisy,125,456,20,1.2884806392321479e-05,1.3263684786579688e-05,-3.7887839425820885e-07
8,validation,lj_noisy,125,786,20,1.322820749010134e-05,1.3188713364797876e-05,3.949412530346291e-08
8,validation,lj_noisy,125,2026,20,1.3013143734497134e-05,1.403106007273891e-05,-1.0179163382417756e-06
8,validation,lj_noisy,125,3456456,20,1.3201992078393233e-05,1.390286870446289e-05,-7.008766260696579e-07
8,validation,lj_noisy,149,123,20,1.9537272055458744e-05,2.077934500448464e-05,-1.242072949025897e-06
8,validation,lj_noisy,149,456,20,1.9376010050109473e-05,1.9951553895225516e-05,-5.755438451160446e-07
8,validation,lj_noisy,149,786,20,1.9916381052098587e-05,1.9860776137647918e-05,5.560491445066822e-08
8,validation,lj_noisy,149,2026,20,1.9408310481594527e-05,2.0799789172087913e-05,-1.3914786904933867e-06
8,validation,lj_noisy,149,3456456,20,1.991651815842488e-05,2.1120396831975084e-05,-1.2038786735502073e-06
8,validation,lj_noisy,175,123,20,2.8588562327058752e-05,3.144532547594281e-05,-2.8567631488840555e-06
8,validation,lj_noisy,175,456,20,2.8590988085852588e-05,2.9412296316877474e-05,-8.213082310248869e-07
8,validation,lj_noisy,175,786,20,2.9618232565553627e-05,2.940593303719652e-05,2.122995283571077e-07
8,validation,lj_noisy,175,2026,20,2.8395992740115616e-05,3.070823422604008e-05,-2.3122414859244595e-06
8,validation,lj_noisy,175,3456456,20,2.9453443130478262e-05,3.1569932343700205e-05,-2.11648921322194e-06
8,validation,lj_noisy,199,123,20,3.88986926736834e-05,4.5501891054300356e-05,-6.6031983806169595e-06
8,validation,lj_noisy,199,456,20,3.9149944586824856e-05,4.0238380825029616e-05,-1.0884362382047569e-06
8,validation,lj_noisy,199,786,20,4.167119077465031e-05,4.0299819920619485e-05,1.3713708540308287e-06
8,validation,lj_noisy,199,2026,20,4.009258182122721e-05,4.2577897966111776e-05,-2.485316144884565e-06
8,validation,lj_noisy,199,3456456,20,4.0744643411017026e-05,4.3979467591270804e-05,-3.234824180253781e-06
